InvoiceNo,StockCode,Description,Quantity,InvoiceDate,UnitPrice,CustomerID,Country
537207,22636,CHILDS BREAKFAST SET CIRCUS PARADE,4,12/5/2010 15:06,8.5,17402.0,United Kingdom
565289,23335,EGG FRYING PAN IVORY ,6,9/2/2011 11:43,2.08,14911.0,EIRE
C558029,20726,LUNCH BAG WOODLAND,-1,6/24/2011 11:47,1.65,12826.0,United Kingdom
536551,84970L,SINGLE HEART ZINC T-LIGHT HOLDER,1,12/1/2010 14:34,0.95,17346.0,United Kingdom
550137,20754,RETROSPOT RED WASHING UP GLOVES,6,4/14/2011 13:59,2.1,12477.0,Germany
544684,21889,WOODEN BOX OF DOMINOES,1,2/22/2011 16:32,2.46,,United Kingdom
549787,22649,STRAWBERRY FAIRY CAKE TEAPOT,2,4/12/2011 11:58,4.95,13268.0,United Kingdom
538636,21527,RED RETROSPOT TRADITIONAL TEAPOT ,2,12/13/2010 13:50,7.95,14639.0,United Kingdom
557642,21094,SET/6 RED SPOTTY PAPER PLATES,2,6/21/2011 16:35,2.46,,United Kingdom
554823,22548,HEADS AND TAILS SPORTING FUN,24,5/26/2011 14:20,1.25,16624.0,United Kingdom
545979,85099F,JUMBO BAG STRAWBERRY,3,3/8/2011 12:30,1.95,12748.0,United Kingdom
539434,21352,EUCALYPTUS & PINECONE  WREATH,1,12/17/2010 14:41,5.91,,United Kingdom
554559,16151A,,-2,5/25/2011 10:28,0.0,,United Kingdom
555592,37342,POLKADOT COFFEE CUP & SAUCER PINK,24,6/6/2011 10:04,0.79,14215.0,United Kingdom
566060,21916,SET 12 RETRO WHITE CHALK STICKS,1,9/8/2011 15:27,0.83,,United Kingdom
C550010,84856S,SMALL TAHITI BEACH BAG,-1,4/14/2011 10:29,3.81,15299.0,United Kingdom
544795,22817,CARD SUKI BIRTHDAY,24,2/23/2011 13:21,0.42,15858.0,United Kingdom
577606,21231,SWEETHEART CERAMIC TRINKET BOX,12,11/21/2011 9:11,1.25,12462.0,Spain
569673,23107,WHITE HEARTS WIRE PLANT POT HOLDER,8,10/5/2011 13:58,2.89,17222.0,United Kingdom
555726,21340,CLASSIC METAL BIRDCAGE PLANT HOLDER,1,6/6/2011 16:23,12.75,12540.0,Spain
537159,22357,KINGS CHOICE BISCUIT TIN,1,12/5/2010 13:17,4.25,14527.0,United Kingdom
571849,22152,PLACE SETTING WHITE STAR,24,10/19/2011 12:52,0.42,12841.0,United Kingdom
561066,23006,TRAVEL CARD WALLET FLOWER MEADOW,4,7/24/2011 14:21,0.42,16710.0,United Kingdom
540122,84819,DANISH ROSE ROUND SEWING BOX,160,1/5/2011 10:39,0.85,13694.0,United Kingdom
564817,22505,MEMO BOARD COTTAGE DESIGN,1,8/30/2011 12:02,10.79,,United Kingdom
538035,37370,RETRO COFFEE MUGS ASSORTED,3,12/9/2010 13:03,1.25,16065.0,United Kingdom
572035,23176,ABC TREASURE BOOK BOX ,72,10/20/2011 12:03,1.95,14646.0,Netherlands
543533,21181,PLEASE ONE PERSON METAL SIGN,2,2/9/2011 13:00,4.13,,United Kingdom
556536,23309,SET OF 60 I LOVE LONDON CAKE CASES ,2,6/13/2011 12:36,0.55,17795.0,United Kingdom
557771,23243,SET OF TEA COFFEE SUGAR TINS PANTRY,4,6/22/2011 14:43,4.95,15601.0,United Kingdom
539647,22467,GUMBALL COAT RACK,2,12/20/2010 16:08,2.55,15460.0,United Kingdom
573934,21770,OPEN CLOSED METAL SIGN,2,11/2/2011 10:36,4.95,17719.0,United Kingdom
571846,21930,JUMBO STORAGE BAG SKULLS,1,10/19/2011 12:35,2.08,17841.0,United Kingdom
542717,22217,T-LIGHT HOLDER HANGING LACE,2,1/31/2011 14:07,1.25,17580.0,United Kingdom
580983,22383,LUNCH BAG SUKI DESIGN ,1,12/6/2011 16:26,4.13,,United Kingdom
552188,21245,GREEN POLKADOT PLATE ,8,5/6/2011 14:01,1.69,12394.0,Belgium
562560,21738,COSY SLIPPER SHOES SMALL  RED ,1,8/5/2011 17:12,2.95,14156.0,EIRE
542622,22722,SET OF 6 SPICE TINS PANTRY DESIGN,1,1/31/2011 9:09,8.29,,United Kingdom
548516,20979,36 PENCILS TUBE RED RETROSPOT,1,3/31/2011 16:28,2.46,,United Kingdom
551269,37342,POLKADOT COFFEE CUP & SAUCER PINK,24,4/27/2011 12:21,0.79,12840.0,United Kingdom
565331,21967,PACK OF 12 SKULL TISSUES,1,9/2/2011 13:59,0.39,16674.0,United Kingdom
576618,22620,4 TRADITIONAL SPINNING TOPS,2,11/15/2011 17:00,2.46,,United Kingdom
567099,84912A,PINK ROSE WASHBAG,1,9/16/2011 13:31,3.75,15311.0,United Kingdom
538205,21062,PARTY INVITES SPACEMAN,2,12/10/2010 11:24,0.85,12748.0,United Kingdom
550304,16237,SLEEPING CAT ERASERS,30,4/17/2011 10:27,0.21,14092.0,United Kingdom
574311,21928,JUMBO BAG SCANDINAVIAN BLUE PAISLEY,10,11/3/2011 16:56,2.08,15640.0,United Kingdom
559693,22031,BOTANICAL LAVENDER BIRTHDAY CARD,5,7/11/2011 16:21,0.42,,United Kingdom
547498,22327,ROUND SNACK BOXES SET OF 4 SKULLS,1,3/23/2011 12:24,2.95,15021.0,United Kingdom
556942,21715,GIRLS VINTAGE TIN SEASIDE BUCKET,8,6/15/2011 16:42,2.55,14222.0,United Kingdom
C539709,84978,HANGING HEART JAR T-LIGHT HOLDER,-1,12/21/2010 12:33,1.25,18176.0,United Kingdom
551211,22776,SWEETHEART CAKESTAND 3 TIER,3,4/27/2011 11:40,9.95,13113.0,United Kingdom
560426,20727,LUNCH BAG  BLACK SKULL.,10,7/18/2011 15:15,1.65,14038.0,United Kingdom
572553,22174,PHOTO CUBE,1,10/24/2011 17:09,3.29,,United Kingdom
545901,16248B,BLUE HOLE PUNCH,2,3/7/2011 17:52,1.25,15834.0,United Kingdom
542708,22934,BAKING MOULD EASTER EGG WHITE CHOC,48,1/31/2011 13:07,2.55,17621.0,United Kingdom
545533,21094,SET/6 RED SPOTTY PAPER PLATES,12,3/3/2011 14:04,0.85,12524.0,Germany
552710,23202,JUMBO BAG VINTAGE LEAF,100,5/11/2011 7:35,1.79,13098.0,United Kingdom
556732,23256,CHILDRENS CUTLERY SPACEBOY ,2,6/14/2011 11:47,4.15,15039.0,United Kingdom
550953,22860,EASTER TIN CHICKS PINK DAISY,1,4/21/2011 16:17,3.29,,United Kingdom
559038,23298,SPOTTY BUNTING,30,7/5/2011 15:31,10.79,,United Kingdom
580964,23273,HEART T-LIGHT HOLDER WILLIE WINKIE,9,12/6/2011 14:50,1.65,15822.0,United Kingdom
555162,22704,WRAP RED APPLES ,25,6/1/2011 10:15,0.42,12473.0,Germany
564304,22094,RED RETROSPOT TISSUE BOX,1,8/24/2011 12:11,0.39,14527.0,United Kingdom
580652,21592,RETROSPOT CIGAR BOX MATCHES ,288,12/5/2011 13:33,0.39,17511.0,United Kingdom
548544,22294,HEART FILIGREE DOVE  SMALL,24,3/31/2011 18:49,1.25,14525.0,United Kingdom
546742,22890,NOVELTY BISCUITS CAKE STAND 3 TIER,2,3/16/2011 12:26,9.95,12849.0,United Kingdom
575367,22736,RIBBON REEL MAKING SNOWMEN ,10,11/9/2011 15:05,1.65,15114.0,United Kingdom
564638,22326,ROUND SNACK BOXES SET OF4 WOODLAND ,6,8/26/2011 12:54,2.95,13812.0,Germany
562649,22241,GARLAND WOODEN HAPPY EASTER,1,8/8/2011 13:11,1.25,14606.0,United Kingdom
562420,22659,LUNCH BOX I LOVE LONDON,1,8/4/2011 16:38,4.13,,United Kingdom
559051,85086A,CANDY SPOT HEART DECORATION,1,7/5/2011 16:47,0.83,,United Kingdom
569336,47590A,BLUE HAPPY BIRTHDAY BUNTING,3,10/3/2011 14:05,5.45,15088.0,United Kingdom
559551,82494L,WOODEN FRAME ANTIQUE WHITE ,2,7/10/2011 16:18,2.95,16877.0,United Kingdom
555149,48184,DOORMAT ENGLISH ROSE ,1,5/31/2011 15:49,15.79,,United Kingdom
576876,85176,SEWING SUSAN 21 NEEDLE SET,1,11/16/2011 16:42,0.85,16804.0,United Kingdom
541292,22195,LARGE HEART MEASURING SPOONS,12,1/17/2011 13:30,1.65,15596.0,United Kingdom
574741,21172,PARTY METAL SIGN ,2,11/6/2011 16:13,1.45,15993.0,United Kingdom
571106,35970,ZINC FOLKART SLEIGH BELLS,6,10/13/2011 16:14,1.69,14976.0,United Kingdom
575975,22578,WOODEN STAR CHRISTMAS SCANDINAVIAN,49,11/13/2011 13:18,0.29,13536.0,United Kingdom
576215,23444,Next Day Carriage,1,11/14/2011 12:55,15.0,17652.0,United Kingdom
556204,82482,WOODEN PICTURE FRAME WHITE FINISH,6,6/9/2011 13:16,2.55,17169.0,United Kingdom
547686,84380,SET OF 3 BUTTERFLY COOKIE CUTTERS,12,3/24/2011 14:49,1.25,15513.0,United Kingdom
558777,23171,REGENCY TEA PLATE GREEN ,1,7/4/2011 10:23,3.29,,United Kingdom
576096,22423,REGENCY CAKESTAND 3 TIER,2,11/14/2011 9:20,12.75,13549.0,United Kingdom
562553,82582,AREA PATROLLED METAL SIGN,1,8/5/2011 16:34,4.13,,United Kingdom
551876,84879,ASSORTED COLOUR BIRD ORNAMENT,16,5/5/2011 8:18,1.69,14867.0,United Kingdom
565870,POST,POSTAGE,1,9/7/2011 15:10,15.0,16828.0,United Kingdom
574965,22491,PACK OF 12 COLOURED PENCILS,2,11/8/2011 10:44,0.85,17964.0,United Kingdom
564184,23170,REGENCY TEA PLATE ROSES ,12,8/23/2011 15:11,1.65,,EIRE
559042,22844,VINTAGE CREAM DOG FOOD CONTAINER,1,7/5/2011 15:34,16.63,,United Kingdom
555925,20980,36 PENCILS TUBE POSY,2,6/7/2011 17:13,0.83,,United Kingdom
564842,23348,CHILDRENS TOY COOKING UTENSIL SET,36,8/30/2011 13:47,1.79,16133.0,United Kingdom
578995,21211,SET OF 72 SKULL PAPER  DOILIES,2,11/27/2011 15:59,1.45,15861.0,United Kingdom
558774,21620,SET OF 4 ROSE BOTANICAL CANDLES,1,7/4/2011 10:17,2.46,,United Kingdom
551339,21385,IVORY HANGING DECORATION  HEART,1,4/27/2011 17:18,1.63,,United Kingdom
581400,22720,SET OF 3 CAKE TINS PANTRY DESIGN ,2,12/8/2011 13:36,4.95,14056.0,United Kingdom
563944,47566,PARTY BUNTING,4,8/22/2011 10:08,4.95,17581.0,United Kingdom
575070,20668,DISCO BALL CHRISTMAS DECORATION,72,11/8/2011 12:58,0.12,17841.0,United Kingdom
546427,84692,BOX OF 24 COCKTAIL PARASOLS,3,3/13/2011 14:29,0.42,14606.0,United Kingdom
549953,22851,SET 20 NAPKINS FAIRY CAKES DESIGN ,24,4/13/2011 13:15,0.85,12766.0,Portugal
540691,22413,METAL SIGN TAKE IT OR LEAVE IT ,12,1/11/2011 8:50,3.21,17450.0,United Kingdom
573116,23162,REGENCY TEA STRAINER,1,10/27/2011 15:49,3.75,14525.0,United Kingdom
573909,23405,HOME SWEET HOME 2 DRAWER CABINET,4,11/1/2011 15:26,4.95,17813.0,United Kingdom
545830,21911,GARDEN METAL SIGN ,2,3/7/2011 13:10,1.65,17634.0,United Kingdom
548327,21931,JUMBO STORAGE BAG SUKI,2,3/30/2011 13:05,2.08,16788.0,United Kingdom
550279,21670,BLUE SPOT CERAMIC DRAWER KNOB,12,4/15/2011 13:16,1.25,14700.0,United Kingdom
547967,21991,BOHEMIAN COLLAGE STATIONERY SET,1,3/28/2011 15:49,2.46,,United Kingdom
562608,23297,SET 40 HEART SHAPE PETIT FOUR CASES,16,8/8/2011 11:45,1.65,15502.0,United Kingdom
541280,21232,STRAWBERRY CERAMIC TRINKET BOX,72,1/17/2011 11:57,1.06,15296.0,United Kingdom
552310,23200,JUMBO BAG PEARS,2,5/8/2011 15:22,2.08,17323.0,United Kingdom
562106,20828,GLITTER BUTTERFLY CLIPS,1,8/2/2011 15:19,2.55,14076.0,United Kingdom
575040,23245,SET OF 3 REGENCY CAKE TINS,4,11/8/2011 11:58,4.95,13381.0,United Kingdom
546398,22722,SET OF 6 SPICE TINS PANTRY DESIGN,4,3/11/2011 14:52,3.95,13043.0,United Kingdom
541592,84596F,SMALL MARSHMALLOWS PINK BOWL,11,1/19/2011 15:08,0.83,,United Kingdom
564093,23207,LUNCH BAG ALPHABET DESIGN,10,8/23/2011 10:29,1.65,14930.0,Channel Islands
544691,22966,GINGERBREAD MAN COOKIE CUTTER,12,2/23/2011 9:09,1.25,13804.0,United Kingdom
541421,21913,VINTAGE SEASIDE JIGSAW PUZZLES,3,1/17/2011 17:44,3.29,,United Kingdom
574654,21949,SET OF 6 STRAWBERRY CHOPSTICKS,1,11/6/2011 11:32,1.25,15571.0,United Kingdom
549524,22644,CERAMIC CHERRY CAKE MONEY BANK,1,4/8/2011 15:42,3.29,,United Kingdom
552726,22561,WOODEN SCHOOL COLOURING SET,12,5/11/2011 10:31,1.65,14920.0,United Kingdom
558774,23200,JUMBO BAG PEARS,9,7/4/2011 10:17,2.08,,United Kingdom
579293,23236,STORAGE TIN VINTAGE DOILY ,2,11/29/2011 11:22,2.89,14419.0,United Kingdom
554162,21497,FANCY FONTS BIRTHDAY WRAP,25,5/23/2011 11:52,0.42,16722.0,United Kingdom
540026,21313,GLASS HEART T-LIGHT HOLDER ,1,1/4/2011 13:25,1.66,,United Kingdom
581439,21314,SMALL GLASS HEART TRINKET POT,2,12/8/2011 16:30,4.13,,United Kingdom
567200,16218,CARTOON  PENCIL SHARPENERS,80,9/19/2011 10:15,0.06,16460.0,United Kingdom
579297,21216,"SET 3 RETROSPOT TEA,COFFEE,SUGAR",4,11/29/2011 11:23,10.79,,United Kingdom
560732,23052,RECYCLED ACAPULCO MAT TURQUOISE,3,7/20/2011 14:55,8.25,14056.0,United Kingdom
578067,DOT,DOTCOM POSTAGE,1,11/22/2011 15:43,416.48,,United Kingdom
555736,16161P,WRAP ENGLISH ROSE ,25,6/7/2011 9:13,0.42,17730.0,United Kingdom
578045,23300,GARDENERS KNEELING PAD CUP OF TEA ,1,11/22/2011 14:43,1.65,17297.0,United Kingdom
538566,22295,HEART FILIGREE DOVE LARGE,3,12/13/2010 11:21,3.36,,United Kingdom
555979,22470,HEART OF WICKER LARGE,2,6/8/2011 11:18,2.95,15039.0,United Kingdom
566923,22507,MEMO BOARD RETROSPOT  DESIGN,1,9/15/2011 15:05,4.95,15511.0,United Kingdom
539240,22700,BLACK AND WHITE DOG BOWL,24,12/16/2010 13:15,0.85,15194.0,United Kingdom
538901,84378,SET OF 3 HEART COOKIE CUTTERS,12,12/15/2010 9:58,1.25,17629.0,United Kingdom
566300,22696,WICKER WREATH LARGE,6,9/11/2011 16:05,1.95,18215.0,United Kingdom
580030,22847,BREAD BIN DINER STYLE IVORY,1,12/1/2011 12:14,16.95,12951.0,United Kingdom
540352,84251B,"GREETING CARD, STICKY GORDON",2,1/6/2011 14:27,0.43,,United Kingdom
551163,21507,"ELEPHANT, BIRTHDAY CARD, ",12,4/26/2011 15:52,0.42,12573.0,France
563549,23141,TRIPLE WIRE HOOK PINK HEART,1,8/17/2011 12:34,8.29,,United Kingdom
549901,23054,RECYCLED ACAPULCO MAT LAVENDER,1,4/12/2011 16:17,8.25,17180.0,United Kingdom
555015,22784,LANTERN CREAM GAZEBO ,3,5/31/2011 10:45,4.95,16558.0,United Kingdom
574909,22620,4 TRADITIONAL SPINNING TOPS,1,11/7/2011 15:40,1.45,13673.0,United Kingdom
576899,84926A,WAKE UP COCKEREL TILE COASTER,24,11/17/2011 8:49,0.29,14911.0,EIRE
558263,23020,GLASS SONGBIRD STORAGE JAR,8,6/28/2011 8:50,11.15,14646.0,Netherlands
580047,20970,PINK FLORAL FELTCRAFT SHOULDER BAG,2,12/1/2011 12:44,3.75,12989.0,United Kingdom
557248,22169,FAMILY ALBUM WHITE PICTURE FRAME,2,6/17/2011 15:22,8.5,14491.0,United Kingdom
577859,22865,HAND WARMER OWL DESIGN,2,11/22/2011 11:24,2.1,14534.0,United Kingdom
537638,21787,RAIN PONCHO RETROSPOT,2,12/7/2010 15:28,1.66,,United Kingdom
536975,20982,12 PENCILS TALL TUBE SKULLS,12,12/3/2010 14:04,0.85,14911.0,EIRE
579550,22223,CAKE PLATE LOVEBIRD PINK,3,11/30/2011 10:48,4.95,12630.0,Finland
559878,22413,METAL SIGN TAKE IT OR LEAVE IT ,1,7/13/2011 11:19,2.95,15493.0,United Kingdom
571669,21485,RETROSPOT HEART HOT WATER BOTTLE,3,10/18/2011 13:11,4.95,17758.0,United Kingdom
568193,23158,SET OF 5 LUCKY CAT MAGNETS ,120,9/25/2011 14:37,1.85,17107.0,United Kingdom
557630,20712,JUMBO BAG WOODLAND ANIMALS,10,6/21/2011 14:53,2.08,13178.0,United Kingdom
573923,21202,DOLLY HONEYCOMB GARLAND,1,11/2/2011 9:31,1.65,17965.0,United Kingdom
538015,21696,SMALL SILVER TRELLIS CANDLEPOT,6,12/9/2010 12:49,2.95,13240.0,United Kingdom
570019,21561,DINOSAUR LUNCH BOX WITH CUTLERY,1,10/7/2011 10:13,2.55,17841.0,United Kingdom
566326,20972,PINK CREAM FELT CRAFT TRINKET BOX ,12,9/12/2011 12:11,1.25,16211.0,United Kingdom
554112,90162C,ANT SILVER FUSCHIA BOUDICCA RING,1,5/22/2011 14:44,2.95,17611.0,United Kingdom
580397,23300,GARDENERS KNEELING PAD CUP OF TEA ,1,12/4/2011 11:24,1.65,13558.0,United Kingdom
573585,22713,CARD I LOVE LONDON ,1,10/31/2011 14:41,0.83,,United Kingdom
566186,21986,PACK OF 12 PINK POLKADOT TISSUES,24,9/9/2011 13:02,0.39,16603.0,United Kingdom
569372,23559,WOODLAND BUNNIES LOLLY MAKERS,3,10/3/2011 16:04,4.13,,United Kingdom
C546730,22720,SET OF 3 CAKE TINS PANTRY DESIGN ,-1,3/16/2011 11:39,4.95,18183.0,United Kingdom
580515,21810,CHRISTMAS HANGING STAR WITH BELL,1,12/4/2011 14:09,0.39,17750.0,United Kingdom
542141,21733,RED HANGING HEART T-LIGHT HOLDER,32,1/26/2011 8:38,2.55,14548.0,United Kingdom
559689,23102,SILVER HEARTS TABLE DECORATION,1,7/11/2011 15:46,0.83,,United Kingdom
552492,21137,BLACK RECORD COVER FRAME,24,5/9/2011 16:02,3.39,12888.0,United Kingdom
540468,21352,EUCALYPTUS & PINECONE  WREATH,2,1/7/2011 13:55,5.91,,United Kingdom
561909,21915,RED  HARMONICA IN BOX ,48,8/1/2011 10:23,1.25,15625.0,United Kingdom
539654,22560,TRADITIONAL MODELLING CLAY,24,12/20/2010 17:05,1.25,17340.0,United Kingdom
559733,23306,SET OF 36 DOILIES PANTRY DESIGN,12,7/12/2011 10:54,1.45,16145.0,United Kingdom
546753,16156S,WRAP PINK FAIRY CAKES ,25,3/16/2011 13:00,0.42,16383.0,United Kingdom
541424,84968F,SET OF 16 VINTAGE SKY BLUE CUTLERY,2,1/17/2011 17:57,8.29,,United Kingdom
566571,21169,YOU'RE CONFUSING ME METAL SIGN ,12,9/13/2011 12:49,1.69,17037.0,United Kingdom
561113,20971,PINK BLUE FELT CRAFT TRINKET BOX,10,7/25/2011 12:09,1.25,17841.0,United Kingdom
544599,22115,METAL SIGN EMPIRE TEA,1,2/21/2011 18:15,5.79,,United Kingdom
540821,22902,TOTE BAG I LOVE LONDON,1,1/11/2011 13:16,4.21,,United Kingdom
574080,23506,MINI PLAYING CARDS SPACEBOY ,6,11/2/2011 16:29,0.42,16348.0,United Kingdom
580727,85014A,BLACK/BLUE POLKADOT UMBRELLA,1,12/5/2011 17:17,12.46,14096.0,United Kingdom
581456,23329,DECORATIVE WICKER HEART LARGE,3,12/8/2011 18:42,1.65,17530.0,United Kingdom
549790,22149,FELTCRAFT 6 FLOWER FRIENDS,6,4/12/2011 12:02,2.1,16172.0,United Kingdom
557801,23014,GLASS APOTHECARY BOTTLE ELIXIR,4,6/23/2011 10:14,3.95,13319.0,United Kingdom
567509,84991,60 TEATIME FAIRY CAKE CASES,24,9/20/2011 14:51,0.42,14298.0,United Kingdom
C548356,21559,STRAWBERRY LUNCH BOX WITH CUTLERY,-3,3/30/2011 15:12,2.55,12472.0,Germany
578262,22910,PAPER CHAIN KIT VINTAGE CHRISTMAS,2,11/23/2011 13:27,2.95,18283.0,United Kingdom
553585,22983,CARD BILLBOARD FONT,12,5/18/2011 10:41,0.42,15301.0,United Kingdom
559542,23270,SET OF 2 CERAMIC PAINTED HEARTS ,6,7/10/2011 13:32,1.45,17126.0,United Kingdom
537409,22867,HAND WARMER BIRD DESIGN,12,12/6/2010 15:00,2.1,15194.0,United Kingdom
569826,23198,PANTRY MAGNETIC  SHOPPING LIST,12,10/6/2011 12:25,1.45,18161.0,United Kingdom
543660,22624,IVORY KITCHEN SCALES,1,2/11/2011 10:40,16.63,,United Kingdom
538071,84674,FLYING PIG WATERING CAN,1,12/9/2010 14:09,5.91,,United Kingdom
536528,22911,PAPER CHAIN KIT LONDON,1,12/1/2010 13:17,2.95,15525.0,United Kingdom
539580,22716,CARD CIRCUS PARADE,12,12/20/2010 12:51,0.42,15312.0,United Kingdom
581217,23197,SKETCHBOOK MAGNETIC SHOPPING LIST,7,12/8/2011 9:20,3.29,,United Kingdom
574695,21755,LOVE BUILDING BLOCK WORD,1,11/6/2011 13:37,6.25,17114.0,United Kingdom
558922,21936,RED RETROSPOT PICNIC BAG,5,7/5/2011 10:06,2.95,16782.0,United Kingdom
577358,22162,HEART GARLAND RUSTIC PADDED,1,11/18/2011 15:59,3.29,,United Kingdom
573553,22297,HEART IVORY TRELLIS SMALL,1,10/31/2011 13:48,2.46,,United Kingdom
550918,22926,IVORY GIANT GARDEN THERMOMETER,2,4/21/2011 14:03,5.95,17630.0,United Kingdom
561325,47590B,PINK HAPPY BIRTHDAY BUNTING,2,7/26/2011 13:46,5.45,17596.0,United Kingdom
555149,21084,SET/6 COLLAGE PAPER CUPS,3,5/31/2011 15:49,0.83,,United Kingdom
564835,20982,12 PENCILS TALL TUBE SKULLS,1,8/30/2011 12:31,1.63,,United Kingdom
566005,82552,WASHROOM METAL SIGN,1,9/8/2011 11:56,1.45,16426.0,United Kingdom
546486,22084,PAPER CHAIN KIT EMPIRE,8,3/14/2011 11:41,2.95,15039.0,United Kingdom
569007,22749,FELTCRAFT PRINCESS CHARLOTTE DOLL,8,9/29/2011 18:51,3.75,17552.0,United Kingdom
545078,22189,CREAM HEART CARD HOLDER,1,2/28/2011 10:15,8.29,,United Kingdom
569357,23532,WALL ART WORK REST AND PLAY  ,3,10/3/2011 14:52,4.95,15930.0,United Kingdom
569217,22553,PLASTERS IN TIN SKULLS,1,10/2/2011 12:45,1.65,15579.0,United Kingdom
581516,22111,SCOTTIE DOG HOT WATER BOTTLE,6,12/9/2011 11:26,4.95,14422.0,United Kingdom
C556647,20750,RED RETROSPOT MINI CASES,-2,6/13/2011 16:14,7.95,13012.0,United Kingdom
579777,22477,WATERING CAN GARDEN MARKER,2,11/30/2011 15:13,2.46,,United Kingdom
543631,22023,EMPIRE BIRTHDAY CARD,12,2/10/2011 16:17,0.42,14081.0,United Kingdom
557153,22607,WOODEN ROUNDERS GARDEN SET ,2,6/17/2011 11:07,9.95,13735.0,United Kingdom
553879,21891,TRADITIONAL WOODEN SKIPPING ROPE,12,5/19/2011 15:15,1.45,15791.0,United Kingdom
552835,22089,PAPER BUNTING VINTAGE PAISLEY,6,5/11/2011 14:17,2.95,17664.0,United Kingdom
565129,20685,DOORMAT RED RETROSPOT,1,9/1/2011 12:41,8.25,15719.0,United Kingdom
552640,22271,FELTCRAFT DOLL ROSIE,1,5/10/2011 13:19,2.95,17841.0,United Kingdom
578211,22209,WOOD STAMP SET HAPPY BIRTHDAY,1,11/23/2011 11:47,0.83,12748.0,United Kingdom
578347,22983,CARD BILLBOARD FONT,3,11/24/2011 9:26,0.83,,United Kingdom
576051,23286,BLUE VINTAGE SPOT BEAKER,8,11/13/2011 14:45,0.85,14911.0,EIRE
558700,22355,CHARLOTTE BAG SUKI DESIGN,10,7/1/2011 12:33,0.85,17920.0,United Kingdom
579267,22909,SET OF 20 VINTAGE CHRISTMAS NAPKINS,24,11/29/2011 9:42,0.85,14961.0,United Kingdom
579512,90003C,MIDNIGHT BLUE PAIR HEART HAIR SLIDE,2,11/29/2011 16:47,3.73,,United Kingdom
552265,22980,PANTRY SCRUBBING BRUSH,1,5/8/2011 11:41,1.65,14161.0,United Kingdom
562843,22726,ALARM CLOCK BAKELIKE GREEN,1,8/9/2011 17:37,7.46,,United Kingdom
570677,22730,ALARM CLOCK BAKELIKE IVORY,3,10/11/2011 15:10,3.75,12836.0,United Kingdom
559134,22637,PIGGY BANK RETROSPOT ,8,7/6/2011 13:14,2.55,12700.0,France
567818,23329,DECORATIVE WICKER HEART LARGE,6,9/22/2011 12:41,1.65,14395.0,United Kingdom
545317,22619,SET OF 6 SOLDIER SKITTLES,1,3/1/2011 14:14,7.46,,United Kingdom
569491,22725,ALARM CLOCK BAKELIKE CHOCOLATE,2,10/4/2011 13:25,3.75,14056.0,United Kingdom
573553,21232,STRAWBERRY CERAMIC TRINKET POT,9,10/31/2011 13:48,2.46,,United Kingdom
568346,22739,RIBBON REEL CHRISTMAS SOCK BAUBLE,6,9/26/2011 15:28,3.29,14096.0,United Kingdom
576617,21314,SMALL GLASS HEART TRINKET POT,2,11/15/2011 16:57,4.13,,United Kingdom
544077,20771,CHRYSANTHEMUM  JOURNAL,1,2/15/2011 15:04,2.55,14825.0,United Kingdom
571716,23534,WALL ART STOP FOR TEA ,1,10/18/2011 17:05,12.46,,United Kingdom
561329,22423,REGENCY CAKESTAND 3 TIER,2,7/26/2011 13:57,12.75,15044.0,United Kingdom
561857,21790,VINTAGE SNAP CARDS,12,7/29/2011 16:24,0.85,13004.0,United Kingdom
540458,20727,LUNCH BAG  BLACK SKULL.,10,1/7/2011 12:28,1.65,12501.0,Germany
573576,85049E,SCANDINAVIAN REDS RIBBONS,9,10/31/2011 14:09,2.46,14096.0,United Kingdom
551533,22485,SET OF 2 WOODEN MARKET CRATES,1,5/1/2011 14:58,12.75,15407.0,United Kingdom
569202,22547,MINI JIGSAW DINOSAUR ,3,9/30/2011 17:22,0.83,,United Kingdom
553393,22497,SET OF 2 TINS VINTAGE BATHROOM ,1,5/16/2011 16:46,8.29,,United Kingdom
543393,20716,PARTY FOOD SHOPPER BAG,10,2/8/2011 10:17,1.25,13534.0,United Kingdom
553845,21535,RED RETROSPOT SMALL MILK JUG,6,5/19/2011 12:38,2.55,17675.0,United Kingdom
574561,22573,STAR WOODEN CHRISTMAS DECORATION,2,11/4/2011 15:52,1.63,,United Kingdom
573362,85066,CREAM SWEETHEART MINI CHEST,2,10/30/2011 13:06,12.75,12597.0,Spain
551953,22697,GREEN REGENCY TEACUP AND SAUCER,6,5/5/2011 11:53,2.95,13448.0,United Kingdom
563018,22219,LOVEBIRD HANGING DECORATION WHITE ,12,8/11/2011 12:53,0.85,13427.0,United Kingdom
543411,22342,HOME GARLAND PAINTED ZINC ,12,2/8/2011 11:31,1.65,12576.0,Poland
566451,22507,MEMO BOARD RETROSPOT  DESIGN,1,9/12/2011 16:14,4.95,18069.0,United Kingdom
572031,21192,WHITE BELL HONEYCOMB PAPER ,96,10/20/2011 11:53,1.45,14866.0,United Kingdom
540093,15056BL,EDWARDIAN PARASOL BLACK,1,1/4/2011 15:24,5.95,16725.0,United Kingdom
572695,21989,PACK OF 20 SKULL PAPER NAPKINS,12,10/25/2011 14:23,0.85,12610.0,Italy
540348,22263,FELT EGG COSY LADYBIRD ,4,1/6/2011 13:56,0.85,12841.0,United Kingdom
556781,84879,ASSORTED COLOUR BIRD ORNAMENT,36,6/14/2011 12:47,1.69,13384.0,United Kingdom
537641,22187,GREEN CHRISTMAS TREE CARD HOLDER,2,12/7/2010 15:32,8.47,,United Kingdom
561868,22382,LUNCH BAG SPACEBOY DESIGN ,3,7/31/2011 11:26,1.65,16813.0,United Kingdom
542932,21447,12 IVORY ROSE PEG PLACE SETTINGS,12,2/2/2011 10:54,1.25,13089.0,United Kingdom
577101,20969,RED FLORAL FELTCRAFT SHOULDER BAG,4,11/17/2011 16:51,3.75,13138.0,United Kingdom
555009,82484,WOOD BLACK BOARD ANT WHITE FINISH,12,5/31/2011 10:32,6.75,17340.0,United Kingdom
555518,22380,TOY TIDY SPACEBOY  ,5,6/5/2011 10:58,2.1,14891.0,United Kingdom
542231,72741,GRAND CHOCOLATECANDLE,18,1/26/2011 13:40,1.45,16714.0,United Kingdom
537131,22470,HEART OF WICKER LARGE,5,12/5/2010 12:26,2.95,15716.0,United Kingdom
575678,22939,ADULT APRON APPLE DELIGHT,4,11/10/2011 15:23,4.95,16169.0,United Kingdom
566193,22282,12 EGG HOUSE PAINTED WOOD,2,9/9/2011 13:37,12.75,14961.0,United Kingdom
572668,23128,FELTCRAFT BOY JEAN-PAUL KIT,1,10/25/2011 13:07,4.95,18045.0,United Kingdom
545658,22544,MINI JIGSAW SPACEBOY,12,3/4/2011 14:13,0.42,14670.0,United Kingdom
562377,22794,SWEETHEART WIRE MAGAZINE RACK,1,8/4/2011 15:04,7.95,14535.0,United Kingdom
551436,22372,AIRLINE BAG VINTAGE WORLD CHAMPION ,1,4/28/2011 15:13,4.25,16904.0,United Kingdom
571441,85049E,SCANDINAVIAN REDS RIBBONS,3,10/17/2011 13:31,2.46,14096.0,United Kingdom
579777,22567,20 DOLLY PEGS RETROSPOT,1,11/30/2011 15:13,2.92,,United Kingdom
565851,22320,BIRDS MOBILE VINTAGE DESIGN,6,9/7/2011 13:06,5.95,14911.0,EIRE
553048,22149,FELTCRAFT 6 FLOWER FRIENDS,6,5/13/2011 10:02,2.1,14291.0,United Kingdom
540099,21216,"SET 3 RETROSPOT TEA,COFFEE,SUGAR",4,1/4/2011 16:41,4.95,15808.0,United Kingdom
574755,22041,"RECORD FRAME 7"" SINGLE SIZE ",6,11/7/2011 9:28,2.55,13078.0,United Kingdom
555820,21792,CLASSIC FRENCH STYLE BASKET GREEN ,8,6/7/2011 12:01,3.95,16133.0,United Kingdom
536821,22631,CIRCUS PARADE LUNCH BOX ,1,12/2/2010 17:17,1.95,17757.0,United Kingdom
549155,35921,EASTER BUNNY HANGING GARLAND,1,4/6/2011 17:08,4.96,,United Kingdom
571747,23494,VINTAGE DOILY DELUXE SEWING KIT ,3,10/19/2011 10:59,5.95,13849.0,United Kingdom
570016,22267,EASTER DECORATION EGG BUNNY ,24,10/7/2011 10:06,0.39,14911.0,EIRE
551423,22302,COFFEE MUG PEARS  DESIGN,1,4/28/2011 14:31,2.55,,United Kingdom
540848,21382,SET/4 SPRING FLOWER DECORATION,1,1/12/2011 9:26,5.91,,United Kingdom
538313,16258A,SWIRLY CIRCULAR RUBBERS IN BAG,1,12/10/2010 13:50,0.42,15514.0,United Kingdom
578270,22903,CALENDAR FAMILY FAVOURITES,2,11/23/2011 13:39,2.46,14096.0,United Kingdom
570225,23366,SET 12 COLOURING PENCILS DOILY,3,10/9/2011 13:15,0.65,16595.0,United Kingdom
567697,23280,FOLDING BUTTERFLY MIRROR HOT PINK ,12,9/22/2011 8:41,0.83,16558.0,United Kingdom
549586,20725,LUNCH BAG RED RETROSPOT,31,4/11/2011 10:00,4.96,,United Kingdom
537135,84032B,CHARLIE + LOLA RED HOT WATER BOTTLE,3,12/5/2010 12:35,2.95,17059.0,United Kingdom
547960,22993,SET OF 4 PANTRY JELLY MOULDS,2,3/28/2011 15:27,1.25,15644.0,United Kingdom
580999,22182,CAKE STAND VICTORIAN FILIGREE SMALL,4,12/6/2011 17:49,1.25,17883.0,United Kingdom
572306,20735,BLACK MINI TAPE MEASURE ,2,10/23/2011 15:11,0.85,17841.0,United Kingdom
573585,21181,PLEASE ONE PERSON METAL SIGN,2,10/31/2011 14:41,4.13,,United Kingdom
552548,22061,LARGE CAKE STAND  HANGING STRAWBERY,2,5/10/2011 10:35,9.95,16357.0,United Kingdom
570232,22411,JUMBO SHOPPER VINTAGE RED PAISLEY,1,10/9/2011 13:58,2.08,14040.0,United Kingdom
576245,21931,JUMBO STORAGE BAG SUKI,10,11/14/2011 13:40,2.08,12553.0,France
579183,71477,COLOURED GLASS STAR T-LIGHT HOLDER,48,11/28/2011 15:16,3.29,15621.0,United Kingdom
540277,84356,POMPOM CURTAIN,36,1/6/2011 12:18,1.95,14258.0,United Kingdom
538153,22171,3 HOOK PHOTO SHELF ANTIQUE WHITE,1,12/9/2010 16:31,16.98,,United Kingdom
563549,22277,COSMETIC BAG VINTAGE ROSE PAISLEY,1,8/17/2011 12:34,4.13,,United Kingdom
C554851,22617,BAKING SET SPACEBOY DESIGN,-1,5/27/2011 9:17,4.95,16463.0,United Kingdom
558860,85032A,ROMANTIC IMAGES GIFT WRAP SET,1,7/4/2011 12:18,0.65,17975.0,United Kingdom
573904,84944,SET OF 6 KASHMIR FOLKART BAUBLES,1,11/1/2011 14:54,1.65,14505.0,United Kingdom
560861,21591,COSY HOUR CIGAR BOX MATCHES ,1,7/21/2011 13:37,1.25,17660.0,United Kingdom
574544,23197,SKETCHBOOK MAGNETIC SHOPPING LIST,12,11/4/2011 14:49,1.45,17084.0,United Kingdom
574305,23211,RED ROCKING HORSE HAND PAINTED,24,11/3/2011 16:30,1.25,18081.0,United Kingdom
540543,22470,HEART OF WICKER LARGE,4,1/9/2011 15:23,2.95,14395.0,United Kingdom
546261,22808,SET OF 6 T-LIGHTS EASTER CHICKS,1,3/10/2011 15:01,2.95,17841.0,United Kingdom
578701,23354,6 GIFT TAGS 50'S CHRISTMAS ,12,11/25/2011 10:52,0.83,17624.0,United Kingdom
576368,21135,wet rusty,-864,11/14/2011 18:33,0.0,,United Kingdom
569231,22336,DOVE DECORATION PAINTED ZINC ,5,10/2/2011 15:18,0.19,13379.0,United Kingdom
540464,22248,DECORATION  PINK CHICK MAGIC GARDEN,32,1/7/2011 13:17,0.72,14298.0,United Kingdom
549682,21703,BAG 125g SWIRLY MARBLES,12,4/11/2011 13:22,0.42,12596.0,Spain
581456,23329,DECORATIVE WICKER HEART LARGE,2,12/8/2011 18:42,1.65,17530.0,United Kingdom
537622,22111,SCOTTIE DOG HOT WATER BOTTLE,1,12/7/2010 14:30,4.95,13173.0,United Kingdom
548622,84971S,SMALL HEART FLOWERS HOOK ,24,4/1/2011 12:09,0.85,13636.0,United Kingdom
543657,22499,WOODEN UNION JACK BUNTING,12,2/11/2011 10:38,5.95,15133.0,United Kingdom
564962,23121,PACK OF 6 COCKTAIL PARASOL STRAWS,2,8/31/2011 14:35,0.42,17777.0,United Kingdom
572310,22423,REGENCY CAKESTAND 3 TIER,1,10/23/2011 15:30,12.75,12748.0,United Kingdom
560650,84535B,FAIRY CAKES NOTEBOOK A6 SIZE,4,7/20/2011 11:38,0.65,15529.0,United Kingdom
550656,47590B,PINK HAPPY BIRTHDAY BUNTING,3,4/20/2011 8:07,5.45,17652.0,United Kingdom
556237,23200,JUMBO BAG PEARS,1,6/9/2011 15:34,4.13,,United Kingdom
579938,85049E,SCANDINAVIAN REDS RIBBONS,12,12/1/2011 10:18,1.25,14146.0,United Kingdom
C542644,84678,CLASSICAL ROSE SMALL VASE,-2,1/31/2011 11:33,1.25,15497.0,United Kingdom
552786,85152,HAND OVER THE CHOCOLATE   SIGN ,48,5/11/2011 12:14,1.53,16029.0,United Kingdom
556010,16015,MEDIUM CHINESE STYLE SCISSOR,20,6/8/2011 11:43,0.36,17414.0,United Kingdom
574839,82482,WOODEN PICTURE FRAME WHITE FINISH,2,11/7/2011 11:40,2.95,15493.0,United Kingdom
558076,23245,SET OF 3 REGENCY CAKE TINS,4,6/24/2011 17:35,4.95,14031.0,United Kingdom
572074,22621,TRADITIONAL KNITTING NANCY,4,10/20/2011 13:54,1.65,16284.0,United Kingdom
542080,21928,JUMBO BAG SCANDINAVIAN PAISLEY,10,1/25/2011 12:16,1.95,13815.0,Germany
538900,21791,VINTAGE HEADS AND TAILS CARD GAME ,12,12/15/2010 9:51,1.25,13078.0,United Kingdom
541604,22953,BIRTHDAY PARTY CORDON BARRIER TAPE,3,1/19/2011 17:23,1.25,14572.0,United Kingdom
539475,22451,SILK PURSE BABUSHKA RED,1,12/19/2010 14:41,3.35,16686.0,United Kingdom
580519,22197,POPCORN HOLDER,64,12/4/2011 14:51,2.46,,United Kingdom
580730,23542,WALL ART 70'S ALPHABET ,1,12/5/2011 17:28,16.63,,United Kingdom
575491,21899,GARAGE KEY FOB,2,11/9/2011 17:47,0.65,15531.0,United Kingdom
573371,21430,SET/3 RED GINGHAM ROSE STORAGE BOX,48,10/30/2011 13:34,3.39,13113.0,United Kingdom
549687,22691,DOORMAT WELCOME SUNRISE,2,4/11/2011 13:29,7.95,12363.0,Unspecified
536733,22333,RETROSPOT PARTY BAG + STICKER SET,16,12/2/2010 12:50,1.65,15738.0,United Kingdom
560232,20713,JUMBO BAG OWLS,6,7/17/2011 11:08,2.08,14810.0,United Kingdom
568510,21524,DOORMAT SPOTTY HOME SWEET HOME,5,9/27/2011 12:26,8.25,13555.0,United Kingdom
562457,23004,TRAVEL CARD WALLET PANTRY,48,8/5/2011 11:00,0.42,18079.0,United Kingdom
563764,22196,SMALL HEART MEASURING SPOONS,1,8/19/2011 11:15,0.85,14606.0,United Kingdom
569556,21670,BLUE SPOT CERAMIC DRAWER KNOB,12,10/5/2011 8:50,1.45,14936.0,Channel Islands
538349,21935,SUKI  SHOULDER BAG,2,12/10/2010 14:59,3.36,,United Kingdom
577516,22098,BOUDOIR SQUARE TISSUE BOX,4,11/20/2011 13:08,0.39,16533.0,United Kingdom
556473,21069,VINTAGE BILLBOARD TEA MUG,1,6/12/2011 12:00,1.25,17265.0,United Kingdom
579471,15056n,EDWARDIAN PARASOL NATURAL,1,11/29/2011 15:08,12.46,,United Kingdom
565727,22727,ALARM CLOCK BAKELIKE RED ,4,9/6/2011 11:58,3.75,13158.0,United Kingdom
541213,22423,REGENCY CAKESTAND 3 TIER,4,1/14/2011 13:28,12.75,15033.0,United Kingdom
568703,85099B,JUMBO BAG RED RETROSPOT,5,9/28/2011 15:21,2.08,12748.0,United Kingdom
574076,21356,TOAST ITS - FAIRY FLOWER,4,11/2/2011 15:38,0.83,,United Kingdom
566123,23005,TRAVEL CARD WALLET I LOVE LONDON,2,9/9/2011 11:15,0.42,15039.0,United Kingdom
544208,22199,FRYING PAN RED RETROSPOT,1,2/17/2011 10:34,8.29,,United Kingdom
550768,23199,JUMBO BAG APPLES,10,4/20/2011 12:44,2.08,15039.0,United Kingdom
559544,22437,SET OF 9 BLACK SKULL BALLOONS,1,7/10/2011 13:52,0.85,17126.0,United Kingdom
571681,23319,BOX OF 6 MINI 50'S CRACKERS,12,10/18/2011 13:44,2.49,16734.0,United Kingdom
575607,84375,SET OF 20 KIDS COOKIE CUTTERS,5,11/10/2011 12:37,4.13,14096.0,United Kingdom
552803,47591D,PINK FAIRY CAKE CHILDRENS APRON,1,5/11/2011 12:32,1.95,14573.0,United Kingdom
556290,23209,LUNCH BAG DOILEY PATTERN ,10,6/10/2011 9:23,1.65,17088.0,United Kingdom
570088,23346,SPACEBOY BEAKER,2,10/7/2011 11:32,1.25,16764.0,United Kingdom
539654,22801,ANTIQUE GLASS PEDESTAL BOWL,7,12/20/2010 17:05,3.75,17340.0,United Kingdom
552324,22635,CHILDS BREAKFAST SET DOLLY GIRL ,6,5/9/2011 9:46,9.95,16672.0,United Kingdom
552232,22029,SPACEBOY BIRTHDAY CARD,5,5/6/2011 15:54,0.83,,United Kingdom
560778,22670,FRENCH WC SIGN BLUE METAL,1,7/21/2011 9:30,2.46,,United Kingdom
552325,20725,LUNCH BAG RED RETROSPOT,10,5/9/2011 9:47,1.65,12490.0,France
563076,22383,LUNCH BAG SUKI DESIGN ,100,8/11/2011 16:12,1.45,14646.0,Netherlands
565445,21080,SET/20 RED RETROSPOT PAPER NAPKINS ,2,9/4/2011 14:50,0.85,13548.0,United Kingdom
546891,22062,CERAMIC BOWL WITH LOVE HEART DESIGN,2,3/17/2011 18:18,2.46,,United Kingdom
580677,23389,SPACEBOY MINI BACKPACK,1,12/5/2011 14:40,4.15,16200.0,United Kingdom
565150,23160,REGENCY TEA SPOON,24,9/1/2011 14:26,1.04,14298.0,United Kingdom
575846,16169E,WRAP 50'S  CHRISTMAS,25,11/11/2011 12:07,0.42,17364.0,United Kingdom
552821,82482,WOODEN PICTURE FRAME WHITE FINISH,1,5/11/2011 12:58,2.55,18118.0,United Kingdom
572321,21790,VINTAGE SNAP CARDS,12,10/24/2011 8:59,0.85,15592.0,United Kingdom
572921,23360,SET 8 CANDLES VINTAGE DOILY,1,10/26/2011 16:57,1.95,15993.0,United Kingdom
549735,22636,CHILDS BREAKFAST SET CIRCUS PARADE,8,4/12/2011 8:42,7.65,13824.0,United Kingdom
563706,22910,PAPER CHAIN KIT VINTAGE CHRISTMAS,6,8/18/2011 14:48,2.95,14189.0,United Kingdom
556942,21499,BLUE POLKADOT WRAP,25,6/15/2011 16:42,0.42,14222.0,United Kingdom
577086,23437, 50'S CHRISTMAS GIFT BAG LARGE,12,11/17/2011 15:50,1.25,16070.0,United Kingdom
550458,84459A,PINK METAL CHICKEN HEART ,1,4/18/2011 13:13,3.29,,United Kingdom
552493,22090,PAPER BUNTING RETROSPOT,3,5/9/2011 16:21,5.79,,United Kingdom
537823,21163,DO NOT TOUCH MY STUFF DOOR HANGER ,1,12/8/2010 14:25,3.36,,United Kingdom
540979,22896,PEG BAG APPLES DESIGN,6,1/12/2011 15:06,2.55,15727.0,United Kingdom
537392,22666,RECIPE BOX PANTRY YELLOW DESIGN,1,12/6/2010 13:58,2.95,17068.0,United Kingdom
541104,84968C,SET OF 16 VINTAGE PISTACHIO CUTLERY,6,1/13/2011 14:29,8.29,,United Kingdom
557267,17003,BROCADE RING PURSE ,9,6/19/2011 11:23,0.29,16805.0,United Kingdom
552692,21755,LOVE BUILDING BLOCK WORD,6,5/10/2011 15:19,5.95,13990.0,United Kingdom
548808,82581,TOILET METAL SIGN,1,4/4/2011 12:55,0.55,17774.0,United Kingdom
569651,22427,ENAMEL FLOWER JUG CREAM,4,10/5/2011 12:49,5.95,14534.0,United Kingdom
566587,21224,SET/4 SKULL BADGES,10,9/13/2011 14:30,1.25,14132.0,United Kingdom
573585,23184,BULL DOG BOTTLE OPENER,2,10/31/2011 14:41,10.79,,United Kingdom
544070,84997D,PINK 3 PIECE POLKADOT CUTLERY SET,4,2/15/2011 14:19,4.15,15370.0,United Kingdom
570871,22212,FOUR HOOK  WHITE LOVEBIRDS,1,10/12/2011 16:36,4.13,,United Kingdom
561873,20972,PINK CREAM FELT CRAFT TRINKET BOX ,144,7/31/2011 11:48,1.06,13316.0,United Kingdom
556241,85232D,SET/3 DECOUPAGE STACKING TINS,3,6/9/2011 16:04,4.95,12597.0,Spain
547381,20676,RED RETROSPOT BOWL,12,3/22/2011 15:25,1.25,18041.0,United Kingdom
545468,22960,JAM MAKING SET WITH JARS,6,3/3/2011 9:41,4.25,16571.0,United Kingdom
549903,22287,DECORATION WOBBLY CHICKEN,12,4/12/2011 16:19,1.65,17576.0,United Kingdom
543810,22494,EMERGENCY FIRST AID TIN ,1,2/13/2011 14:16,1.25,13171.0,United Kingdom
560841,22774,RED DRAWER KNOB ACRYLIC EDWARDIAN,12,7/21/2011 12:25,1.06,14298.0,United Kingdom
540373,21531,RED RETROSPOT SUGAR JAM BOWL,3,1/6/2011 17:10,2.55,13280.0,United Kingdom
573413,22982,PANTRY PASTRY BRUSH,2,10/30/2011 16:12,1.25,15444.0,United Kingdom
568589,22720,SET OF 3 CAKE TINS PANTRY DESIGN ,3,9/28/2011 10:27,4.95,17405.0,United Kingdom
577167,23398,HANGING HEART BONHEUR,3,11/18/2011 10:41,0.85,16511.0,United Kingdom
554861,23053,RECYCLED ACAPULCO MAT PINK,2,5/27/2011 10:29,8.25,12633.0,Germany
569374,23514,EMBROIDERED RIBBON REEL SALLY ,1,10/3/2011 16:14,4.13,,United Kingdom
557602,82001S,VINYL RECORD FRAME SILVER,24,6/21/2011 11:57,3.39,14110.0,United Kingdom
574529,22801,ANTIQUE GLASS PEDESTAL BOWL,2,11/4/2011 14:06,3.75,17233.0,United Kingdom
539750,22328,ROUND SNACK BOXES SET OF 4 FRUITS ,1,12/21/2010 15:40,6.77,,United Kingdom
574703,22598,CHRISTMAS MUSICAL ZINC TREE,1,11/6/2011 13:59,0.29,15426.0,United Kingdom
552294,84991,60 TEATIME FAIRY CAKE CASES,24,5/8/2011 14:06,0.55,16232.0,United Kingdom
C544827,22221,CAKE STAND LOVEBIRD 2 TIER PINK,-1,2/24/2011 9:45,9.95,17147.0,United Kingdom
543040,20975,12 PENCILS SMALL TUBE RED RETROSPOT,1,2/2/2011 17:06,0.65,17337.0,United Kingdom
576364,21902,"KEY FOB , FRONT  DOOR ",1,11/14/2011 17:40,0.65,15009.0,United Kingdom
571183,23243,SET OF TEA COFFEE SUGAR TINS PANTRY,1,10/14/2011 11:08,4.95,14796.0,United Kingdom
548868,22961,JAM MAKING SET PRINTED,12,4/4/2011 14:28,1.45,13015.0,United Kingdom
538566,22362,GLASS JAR PEACOCK BATH SALTS,1,12/13/2010 11:21,5.91,,United Kingdom
567290,85183B,CHARLIE & LOLA WASTEPAPER BIN FLORA,48,9/19/2011 11:54,1.25,14646.0,Netherlands
578686,22065,CHRISTMAS PUDDING TRINKET POT ,48,11/25/2011 9:18,0.39,13050.0,United Kingdom
547253,21054,NURSE'S BAG SOFT TOY,1,3/22/2011 10:44,8.95,13869.0,United Kingdom
541423,22507,MEMO BOARD RETROSPOT  DESIGN,1,1/17/2011 17:54,10.79,,United Kingdom
542719,21559,STRAWBERRY LUNCH BOX WITH CUTLERY,1,1/31/2011 14:18,2.55,17619.0,United Kingdom
578949,22999,TRAVEL CARD WALLET VINTAGE LEAF,2,11/27/2011 14:30,0.42,14954.0,United Kingdom
537192,22859,EASTER TIN BUNNY BOUQUET,2,12/5/2010 13:42,1.65,16402.0,United Kingdom
580965,21499,BLUE POLKADOT WRAP,25,12/6/2011 14:52,0.42,12417.0,Belgium
565396,22961,JAM MAKING SET PRINTED,2,9/2/2011 16:39,3.29,,United Kingdom
550303,20977,36 PENCILS TUBE WOODLAND,16,4/17/2011 10:21,1.25,18213.0,United Kingdom
580654,23211,RED ROCKING HORSE HAND PAINTED,2,12/5/2011 13:37,1.25,15854.0,United Kingdom
580729,23451,SQUARE MINI PORTRAIT FRAME,1,12/5/2011 17:24,4.13,,United Kingdom
580997,21390,FILIGRIS HEART WITH BUTTERFLY,6,12/6/2011 17:23,1.25,15023.0,United Kingdom
555278,20977,36 PENCILS TUBE WOODLAND,1,6/1/2011 17:33,2.46,,United Kingdom
541213,22558,CLOTHES PEGS RETROSPOT PACK 24 ,4,1/14/2011 13:28,1.49,15033.0,United Kingdom
539446,22236,CAKE STAND 3 TIER MAGIC GARDEN,2,12/17/2010 15:58,12.75,12705.0,Germany
567341,23164,REGENCY CAKE SLICE,4,9/19/2011 15:04,4.95,14961.0,United Kingdom
575087,23130,MISTLETOE HEART WREATH GREEN,1,11/8/2011 13:57,4.15,16549.0,United Kingdom
552710,23054,RECYCLED ACAPULCO MAT LAVENDER,4,5/11/2011 7:35,8.25,13098.0,United Kingdom
568672,20971,PINK BLUE FELT CRAFT TRINKET BOX,12,9/28/2011 13:17,1.25,15348.0,United Kingdom
572217,22139,RETROSPOT TEA SET CERAMIC 11 PC ,2,10/21/2011 13:03,4.95,15311.0,United Kingdom
577812,21577,SAVE THE PLANET COTTON TOTE BAG,6,11/22/2011 8:56,2.25,16956.0,United Kingdom
556910,23245,SET OF 3 REGENCY CAKE TINS,1,6/15/2011 13:25,4.95,12748.0,United Kingdom
551558,22457,NATURAL SLATE HEART CHALKBOARD ,1,5/3/2011 10:41,2.95,17841.0,United Kingdom
581382,22231,JIGSAW TREE WITH BIRDHOUSE,12,12/8/2011 12:57,0.59,13860.0,United Kingdom
554033,22386,JUMBO BAG PINK POLKADOT,20,5/20/2011 14:06,2.08,16187.0,United Kingdom
578344,23315,IVORY REFECTORY CLOCK,1,11/24/2011 9:21,19.96,,United Kingdom
577794,23264,SET OF 3 WOODEN SLEIGH DECORATIONS,8,11/21/2011 16:48,1.25,14030.0,United Kingdom
580996,90093,CLEAR CRYSTAL STAR PHONE CHARM,20,12/6/2011 17:18,0.19,14578.0,United Kingdom
553766,20735,BLACK MINI TAPE MEASURE ,1,5/19/2011 10:44,1.63,,United Kingdom
547651,22989,SET 2 PANTRY DESIGN TEA TOWELS,2,3/24/2011 12:11,3.25,16904.0,United Kingdom
580865,22635,CHILDS BREAKFAST SET DOLLY GIRL ,1,12/6/2011 11:58,9.95,17914.0,United Kingdom
563093,22584,PACK OF 6 PANNETONE GIFT BOXES,1,8/11/2011 17:28,4.96,,United Kingdom
566760,15056P,EDWARDIAN PARASOL PINK,3,9/14/2011 16:36,5.95,15272.0,United Kingdom
567024,21212,PACK OF 72 RETROSPOT CAKE CASES,17,9/16/2011 11:23,2.08,,United Kingdom
581538,23343,JUMBO BAG VINTAGE CHRISTMAS ,1,12/9/2011 11:34,2.08,14446.0,United Kingdom
554355,22960,JAM MAKING SET WITH JARS,6,5/24/2011 9:20,4.25,16992.0,United Kingdom
570482,85099C,JUMBO  BAG BAROQUE BLACK WHITE,1,10/10/2011 17:00,2.08,17459.0,United Kingdom
560388,21635,,1,7/18/2011 13:12,0.0,,United Kingdom
547860,21328,BALLOONS  WRITING SET ,2,3/27/2011 12:21,1.65,17625.0,United Kingdom
569220,22128,PARTY CONES CANDY ASSORTED,6,10/2/2011 13:26,1.25,16007.0,United Kingdom
578072,21828,EIGHT PIECE SNAKE  SET,2,11/22/2011 16:02,1.25,17759.0,United Kingdom
556216,47590B,PINK HAPPY BIRTHDAY BUNTING,6,6/9/2011 14:15,5.45,15252.0,United Kingdom
574534,20685,DOORMAT RED RETROSPOT,40,11/4/2011 14:26,7.08,15061.0,United Kingdom
571317,22951,60 CAKE CASES DOLLY GIRL DESIGN,3,10/17/2011 10:48,0.55,17377.0,United Kingdom
546556,22411,JUMBO SHOPPER VINTAGE RED PAISLEY,10,3/15/2011 9:32,1.95,16156.0,United Kingdom
558084,23307,SET OF 60 PANTRY DESIGN CAKE CASES ,24,6/26/2011 11:47,0.55,14837.0,United Kingdom
558613,84580,MOUSE TOY WITH PINK T-SHIRT,6,6/30/2011 15:46,3.75,14911.0,EIRE
554097,21239,PINK  POLKADOT CUP,8,5/22/2011 13:01,0.85,12567.0,France
553389,21033,JUMBO BAG CHARLIE AND LOLA TOYS,1,5/16/2011 16:37,4.13,,United Kingdom
578523,48116,DOORMAT MULTICOLOUR STRIPE,1,11/24/2011 14:10,8.25,15311.0,United Kingdom
567616,23193,BUFFALO BILL TREASURE BOOK BOX,8,9/21/2011 12:23,2.25,14911.0,EIRE
540951,22059,CERAMIC STRAWBERRY DESIGN MUG,10,1/12/2011 13:10,1.49,13113.0,United Kingdom
540995,21284,RETROSPOT CANDLE  SMALL,1,1/13/2011 9:30,3.29,,United Kingdom
563950,22728,ALARM CLOCK BAKELIKE PINK,12,8/22/2011 10:39,3.75,12471.0,Germany
541481,21531,RED RETROSPOT SUGAR JAM BOWL,6,1/18/2011 12:09,2.55,14696.0,United Kingdom
559506,22814,CARD PARTY GAMES ,4,7/8/2011 15:17,0.42,,United Kingdom
566713,22580,ADVENT CALENDAR GINGHAM SACK,3,9/14/2011 12:05,5.95,15933.0,United Kingdom
559817,21382,SET/4 SPRING FLOWER DECORATION,2,7/12/2011 16:20,1.63,,United Kingdom
574714,22840,ROUND CAKE TIN VINTAGE RED,1,11/6/2011 14:29,7.95,15427.0,United Kingdom
562439,20974,12 PENCILS SMALL TUBE SKULL,480,8/4/2011 18:06,0.55,12931.0,United Kingdom
558927,22383,LUNCH BAG SUKI DESIGN ,10,7/5/2011 10:23,1.65,18177.0,United Kingdom
571185,85049E,SCANDINAVIAN REDS RIBBONS,12,10/14/2011 11:15,1.25,13047.0,United Kingdom
C577345,23243,SET OF TEA COFFEE SUGAR TINS PANTRY,-8,11/18/2011 15:16,4.95,15563.0,United Kingdom
546381,21169,YOU'RE CONFUSING ME METAL SIGN ,1,3/11/2011 12:29,1.69,12748.0,United Kingdom
546884,22502,PICNIC BASKET WICKER SMALL,2,3/17/2011 18:08,10.79,,United Kingdom
542907,22469,HEART OF WICKER SMALL,40,2/1/2011 15:15,1.45,13854.0,United Kingdom
565411,22961,JAM MAKING SET PRINTED,5,9/4/2011 11:22,1.45,13772.0,United Kingdom
564754,84375,SET OF 20 KIDS COOKIE CUTTERS,1,8/30/2011 10:29,4.13,,United Kingdom
552821,22464,HANGING METAL HEART LANTERN,1,5/11/2011 12:58,1.65,18118.0,United Kingdom
579430,22279,POCKET BAG BLUE PAISLEY RED SPOT,1,11/29/2011 13:06,1.25,12748.0,United Kingdom
546108,21080,SET/20 RED RETROSPOT PAPER NAPKINS ,2,3/9/2011 12:35,0.85,15529.0,United Kingdom
575621,22470,HEART OF WICKER LARGE,2,11/10/2011 13:03,2.95,16892.0,United Kingdom
576463,23194,GYMKHANA TREASURE BOOK BOX,1,11/15/2011 11:37,2.25,17974.0,United Kingdom
547689,22682,FRENCH BLUE METAL DOOR SIGN 7,2,3/24/2011 14:55,1.25,17757.0,United Kingdom
541219,22550,HOLIDAY FUN LUDO,1,1/14/2011 14:06,7.46,,United Kingdom
566033,22211,WOOD STAMP SET FLOWERS,1,9/8/2011 13:07,0.83,16031.0,United Kingdom
568188,85183A,CHARLIE & LOLA WASTEPAPER BIN BLUE,1,9/25/2011 14:33,1.25,16049.0,United Kingdom
C569989,22384,LUNCH BAG PINK POLKADOT,-70,10/6/2011 20:08,1.45,16839.0,United Kingdom
557793,22425,ENAMEL COLANDER CREAM,1,6/22/2011 17:30,4.95,14998.0,United Kingdom
555942,22469,HEART OF WICKER SMALL,12,6/8/2011 10:14,1.65,15743.0,United Kingdom
553202,22686,FRENCH BLUE METAL DOOR SIGN No,1,5/15/2011 16:02,1.25,15854.0,United Kingdom
553942,23146,TRIPLE HOOK ANTIQUE IVORY ROSE,8,5/20/2011 10:37,3.29,18055.0,United Kingdom
C561069,23302,KNEELING MAT HOUSEWORK  DESIGN,-24,7/24/2011 14:50,1.65,16570.0,United Kingdom
552232,84946,ANTIQUE SILVER T-LIGHT GLASS,4,5/6/2011 15:54,2.46,,United Kingdom
566495,22728,ALARM CLOCK BAKELIKE PINK,3,9/13/2011 11:14,3.75,15529.0,United Kingdom
546171,84836,ZINC METAL HEART DECORATION,48,3/10/2011 10:31,1.25,16359.0,United Kingdom
562046,84380,SET OF 3 BUTTERFLY COOKIE CUTTERS,12,8/2/2011 10:34,1.25,12378.0,Switzerland
548260,21216,"SET 3 RETROSPOT TEA,COFFEE,SUGAR",5,3/30/2011 11:18,4.95,15373.0,United Kingdom
537638,22988,SOLDIERS EGG CUP ,3,12/7/2010 15:28,2.51,,United Kingdom
562779,84692,BOX OF 24 COCKTAIL PARASOLS,4,8/9/2011 12:58,0.42,17841.0,United Kingdom
580103,22554,PLASTERS IN TIN WOODLAND ANIMALS,4,12/1/2011 15:12,1.65,16242.0,United Kingdom
539041,22419,LIPSTICK PEN RED,10,12/15/2010 15:34,0.42,15456.0,United Kingdom
570715,23378,PACK OF 12 50'S CHRISTMAS TISSUES,24,10/12/2011 10:23,0.39,18287.0,United Kingdom
541406,21717,EASTER TIN BUCKET,3,1/17/2011 15:19,2.55,14657.0,United Kingdom
550512,21272,SALLE DE BAIN HOOK,1,4/18/2011 16:31,1.25,18069.0,United Kingdom
542107,21671,RED SPOT CERAMIC DRAWER KNOB,6,1/25/2011 13:38,1.25,16222.0,United Kingdom
568568,10125,MINI FUNKY DESIGN TAPES,20,9/28/2011 8:48,0.85,14412.0,United Kingdom
549241,22037,ROBOT BIRTHDAY CARD,12,4/7/2011 11:40,0.42,15719.0,United Kingdom
570697,22720,SET OF 3 CAKE TINS PANTRY DESIGN ,3,10/12/2011 9:10,4.95,15281.0,United Kingdom
566040,21524,DOORMAT SPOTTY HOME SWEET HOME,2,9/8/2011 13:38,8.25,12540.0,Spain
563404,21174,POTTERING IN THE SHED METAL SIGN,12,8/16/2011 11:04,2.08,16303.0,United Kingdom
562593,23321,SMALL WHITE HEART OF WICKER,7,8/7/2011 15:43,1.65,16549.0,United Kingdom
581149,21535,RED RETROSPOT SMALL MILK JUG,4,12/7/2011 14:12,2.55,15471.0,United Kingdom
541421,85173,SET/6 FROG PRINCE T-LIGHT CANDLES,2,1/17/2011 17:44,2.46,,United Kingdom
554694,22381,TOY TIDY PINK POLKADOT,1,5/25/2011 17:06,4.13,,United Kingdom
581425,22630,DOLLY GIRL LUNCH BOX,2,12/8/2011 15:31,1.95,14796.0,United Kingdom
537133,22123,PING MICROWAVE APRON,1,12/5/2010 12:29,5.95,18156.0,United Kingdom
571289,21481,FAWN BLUE HOT WATER BOTTLE,18,10/16/2011 15:27,3.75,15113.0,United Kingdom
575512,22609,PENS ASSORTED SPACEBALL,36,11/10/2011 10:36,0.19,14121.0,United Kingdom
558774,22131,FOOD CONTAINER SET 3 LOVE HEART ,1,7/4/2011 10:17,4.13,,United Kingdom
573897,17012B,ORIGAMI JASMINE INCENSE/CANDLE SET,3,11/1/2011 14:29,0.85,16729.0,United Kingdom
570229,22377,BOTTLE BAG RETROSPOT ,2,10/9/2011 13:30,2.1,15756.0,United Kingdom
565470,35970,ZINC FOLKART SLEIGH BELLS,12,9/5/2011 10:06,1.69,12576.0,Poland
562980,22423,REGENCY CAKESTAND 3 TIER,2,8/11/2011 11:44,12.75,17686.0,United Kingdom
538349,90175A,WHITE GLASS CHUNKY CHARM BRACELET,1,12/10/2010 14:59,9.34,,United Kingdom
577700,23301,GARDENERS KNEELING PAD KEEP CALM ,1,11/21/2011 12:06,1.65,14449.0,United Kingdom
537052,22791,T-LIGHT GLASS FLUTED ANTIQUE,72,12/5/2010 11:15,1.06,16839.0,United Kingdom
545719,22824,3 TIER SWEETHEART GARDEN SHELF,4,3/7/2011 10:28,32.95,13344.0,United Kingdom
573865,22758,LARGE PURPLE BABUSHKA NOTEBOOK  ,1,11/1/2011 12:00,1.25,15311.0,United Kingdom
545830,22354,RETROSPOT PADDED SEAT CUSHION,6,3/7/2011 13:10,3.75,17634.0,United Kingdom
544599,84991,60 TEATIME FAIRY CAKE CASES,1,2/21/2011 18:15,1.25,,United Kingdom
538841,20685,DOORMAT RED RETROSPOT,3,12/14/2010 13:11,7.95,16899.0,United Kingdom
580419,22620,4 TRADITIONAL SPINNING TOPS,20,12/4/2011 12:08,1.45,16283.0,United Kingdom
538652,22578,WOODEN STAR CHRISTMAS SCANDINAVIAN,6,12/13/2010 15:12,0.85,17890.0,United Kingdom
548665,22228,BUNNY WOODEN PAINTED WITH BIRD ,12,4/1/2011 14:53,0.85,14854.0,United Kingdom
580115,21833,CAMOUFLAGE LED TORCH,4,12/1/2011 16:22,3.29,,United Kingdom
560262,21034,REX CASH+CARRY JUMBO SHOPPER,2,7/17/2011 13:40,0.95,14224.0,United Kingdom
575718,85066,CREAM SWEETHEART MINI CHEST,1,11/10/2011 18:04,12.75,16907.0,United Kingdom
537754,37449,CERAMIC CAKE STAND + HANGING CAKES,2,12/8/2010 11:16,9.95,16081.0,United Kingdom
559527,21239,PINK  POLKADOT CUP,8,7/10/2011 11:24,0.85,17787.0,United Kingdom
536990,20726,LUNCH BAG WOODLAND,10,12/3/2010 15:14,1.65,12793.0,Portugal
576575,22910,PAPER CHAIN KIT VINTAGE CHRISTMAS,6,11/15/2011 13:55,2.95,16295.0,United Kingdom
543555,22722,SET OF 6 SPICE TINS PANTRY DESIGN,4,2/10/2011 10:18,3.95,17686.0,United Kingdom
576567,23350,ROLL WRAP VINTAGE SPOT ,5,11/15/2011 13:41,1.25,17220.0,United Kingdom
563850,48173C,DOORMAT BLACK FLOCK ,10,8/19/2011 15:06,6.75,15311.0,United Kingdom
546027,85206A,CREAM FELT EASTER EGG BASKET,6,3/9/2011 8:09,1.65,12759.0,Netherlands
543596,22215,CAKE STAND WHITE TWO TIER LACE,2,2/10/2011 12:21,8.5,14898.0,United Kingdom
542624,21731,RED TOADSTOOL LED NIGHT LIGHT,3,1/31/2011 9:48,4.13,,United Kingdom
571667,85032A,ROMANTIC IMAGES GIFT WRAP SET,1,10/18/2011 13:04,0.65,14554.0,United Kingdom
548919,22993,SET OF 4 PANTRY JELLY MOULDS,12,4/5/2011 10:18,1.25,13013.0,United Kingdom
570791,20668,DISCO BALL CHRISTMAS DECORATION,24,10/12/2011 11:58,0.12,17346.0,United Kingdom
542906,22746,POPPY'S PLAYHOUSE LIVINGROOM ,1,2/1/2011 15:12,4.13,,United Kingdom
546850,22382,LUNCH BAG SPACEBOY DESIGN ,10,3/17/2011 13:20,1.65,13268.0,United Kingdom
552231,21623,VINTAGE UNION JACK MEMOBOARD,2,5/6/2011 15:47,9.95,17364.0,United Kingdom
536865,20723,STRAWBERRY CHARLOTTE BAG,2,12/3/2010 11:28,2.51,,United Kingdom
562284,84660C,PINK STITCHED WALL CLOCK,40,8/4/2011 10:44,0.79,15133.0,United Kingdom
573580,22144,CHRISTMAS CRAFT LITTLE FRIENDS,1,10/31/2011 14:21,4.13,,United Kingdom
567128,84805B,BLUE CLIMBING HYDRANGA ART FLOWER,2,9/16/2011 14:04,3.75,18055.0,United Kingdom
552285,47422,ASSORTED MONKEY SUCTION CUP HOOK,1,5/8/2011 12:58,0.42,14684.0,United Kingdom
539653,22112,CHOCOLATE HOT WATER BOTTLE,2,12/20/2010 16:50,4.95,13564.0,United Kingdom
575593,22993,SET OF 4 PANTRY JELLY MOULDS,12,11/10/2011 12:12,1.25,14226.0,United Kingdom
538346,22115,METAL SIGN EMPIRE TEA,12,12/10/2010 14:53,2.95,17865.0,United Kingdom
563193,84923,PINK BUTTERFLY HANDBAG W BOBBLES,2,8/12/2011 16:30,4.13,,United Kingdom
578098,22086,PAPER CHAIN KIT 50'S CHRISTMAS ,1,11/22/2011 17:32,2.95,12936.0,United Kingdom
554496,47566,PARTY BUNTING,50,5/24/2011 14:25,4.15,18173.0,United Kingdom
579403,23343,JUMBO BAG VINTAGE CHRISTMAS ,40,11/29/2011 12:15,2.08,14503.0,United Kingdom
545215,84970S,HANGING HEART ZINC T-LIGHT HOLDER,3,2/28/2011 16:47,2.08,,United Kingdom
556473,85053,FRENCH ENAMEL CANDLEHOLDER,1,6/12/2011 12:00,2.1,17265.0,United Kingdom
577410,22694,WICKER STAR ,2,11/20/2011 10:59,2.1,14664.0,United Kingdom
559709,22998,TRAVEL CARD WALLET KEEP CALM,480,7/12/2011 10:21,0.36,16656.0,United Kingdom
546426,82552,WASHROOM METAL SIGN,1,3/13/2011 13:46,1.45,13708.0,United Kingdom
540255,22279,POCKET BAG BLUE PAISLEY RED SPOT,4,1/5/2011 16:50,0.85,,United Kingdom
557976,22211,WOOD STAMP SET FLOWERS,2,6/24/2011 10:33,0.83,18118.0,United Kingdom
579885,23566,EGG CUP MILKMAID HEIDI,12,11/30/2011 17:37,1.25,15444.0,United Kingdom
559163,21790,VINTAGE SNAP CARDS,2,7/6/2011 16:33,1.63,,United Kingdom
571697,22382,LUNCH BAG SPACEBOY DESIGN ,10,10/18/2011 14:49,1.65,12759.0,Netherlands
552039,21984,PACK OF 12 PINK PAISLEY TISSUES ,24,5/6/2011 8:10,0.29,13081.0,United Kingdom
564951,23052,RECYCLED ACAPULCO MAT TURQUOISE,1,8/31/2011 13:35,8.25,,United Kingdom
C567997,M,Manual,-1,9/23/2011 11:31,14.95,13097.0,United Kingdom
544939,85062,PEARL CRYSTAL PUMPKIN T-LIGHT HLDR,48,2/25/2011 10:10,1.45,17034.0,United Kingdom
569493,23254,CHILDRENS CUTLERY DOLLY GIRL ,4,10/4/2011 13:35,4.15,13317.0,United Kingdom
554072,22554,PLASTERS IN TIN WOODLAND ANIMALS,24,5/22/2011 11:24,1.65,13555.0,United Kingdom
552714,21874,GIN AND TONIC MUG,12,5/11/2011 9:28,1.25,17164.0,United Kingdom
580727,23292,SPACEBOY CHILDRENS CUP,1,12/5/2011 17:17,2.46,14096.0,United Kingdom
540560,21589,,-14,1/10/2011 10:08,0.0,,United Kingdom
572849,S,SAMPLES,1,10/26/2011 12:20,33.05,,United Kingdom
545664,21622,VINTAGE UNION JACK CUSHION COVER,12,3/4/2011 15:15,4.95,12584.0,Italy
579136,22592,CARDHOLDER HOLLY WREATH METAL,12,11/28/2011 12:45,3.75,16094.0,United Kingdom
581405,84819,DANISH ROSE ROUND SEWING BOX,2,12/8/2011 13:50,0.79,13521.0,United Kingdom
544795,84968C,SET OF 16 VINTAGE PISTACHIO CUTLERY,1,2/23/2011 13:21,12.75,15858.0,United Kingdom
566317,22429,ENAMEL MEASURING JUG CREAM,4,9/12/2011 10:19,4.25,13375.0,United Kingdom
538421,84997C,BLUE 3 PIECE POLKADOT CUTLERY SET,3,12/12/2010 12:08,3.75,17917.0,United Kingdom
569672,23157,SET OF 6 NATIVITY MAGNETS ,1,10/5/2011 13:58,2.08,17841.0,United Kingdom
567477,85199L,LARGE HANGING IVORY & RED WOOD BIRD,4,9/20/2011 13:20,0.65,16327.0,United Kingdom
558767,21034,REX CASH+CARRY JUMBO SHOPPER,1,7/3/2011 13:27,0.95,13833.0,United Kingdom
575040,22722,SET OF 6 SPICE TINS PANTRY DESIGN,24,11/8/2011 11:58,3.45,13381.0,United Kingdom
555348,10133,COLOURING PENCILS BROWN TUBE,10,6/2/2011 12:06,0.85,15184.0,United Kingdom
565967,22895,SET OF 2 TEA TOWELS APPLE AND PEARS,24,9/8/2011 11:27,3.25,14646.0,Netherlands
560539,85099B,JUMBO BAG RED RETROSPOT,10,7/19/2011 12:19,2.08,16745.0,United Kingdom
569372,23416,CHAMBRE HOOK,1,10/3/2011 16:04,3.29,,United Kingdom
555645,20727,LUNCH BAG  BLACK SKULL.,5,6/6/2011 13:31,1.65,18016.0,United Kingdom
575507,22636,CHILDS BREAKFAST SET CIRCUS PARADE,8,11/10/2011 10:32,7.65,17197.0,United Kingdom
580640,23333,IVORY WICKER HEART MEDIUM,3,12/5/2011 12:51,1.25,16910.0,United Kingdom
542929,22667,RECIPE BOX RETROSPOT ,1,2/2/2011 10:34,2.95,17811.0,United Kingdom
557034,23263,SET OF 3 WOODEN HEART DECORATIONS,12,6/16/2011 13:50,1.25,13627.0,United Kingdom
573274,21670,BLUE SPOT CERAMIC DRAWER KNOB,2,10/28/2011 13:10,3.29,,United Kingdom
577126,22348,TEA BAG PLATE RED RETROSPOT,24,11/17/2011 19:22,0.85,12406.0,Denmark
560504,22417,PACK OF 60 SPACEBOY CAKE CASES,24,7/19/2011 11:47,0.55,13081.0,United Kingdom
568212,23493,VINTAGE DOILY TRAVEL SEWING KIT,1,9/25/2011 16:05,1.95,15154.0,United Kingdom
541999,84598,BOYS ALPHABET IRON ON PATCHES,4,1/25/2011 10:45,0.42,,United Kingdom
565917,21314,SMALL GLASS HEART TRINKET POT,2,9/7/2011 16:15,4.13,,United Kingdom
562984,21035,SET/2 RED RETROSPOT TEA TOWELS ,1,8/11/2011 11:45,3.25,17841.0,United Kingdom
579471,22378,WALL TIDY RETROSPOT ,1,11/29/2011 15:08,4.96,,United Kingdom
547651,85205B,PINK FELT EASTER RABBIT GARLAND,2,3/24/2011 12:11,2.55,16904.0,United Kingdom
567721,20914,SET/5 RED RETROSPOT LID GLASS BOWLS,32,9/22/2011 10:38,2.55,12409.0,Switzerland
559923,21580,RABBIT  DESIGN  COTTON TOTE BAG,2,7/13/2011 16:07,1.63,,United Kingdom
575138,23328,SET 6 SCHOOL MILK BOTTLES IN CRATE,2,11/8/2011 15:24,7.46,,United Kingdom
548007,84836,ZINC METAL HEART DECORATION,12,3/29/2011 10:51,1.25,13769.0,United Kingdom
575931,22910,PAPER CHAIN KIT VINTAGE CHRISTMAS,6,11/13/2011 10:35,2.95,16560.0,United Kingdom
566917,22834,HAND WARMER BABUSHKA DESIGN,12,9/15/2011 14:37,2.1,18259.0,United Kingdom
556082,21328,BALLOONS  WRITING SET ,1,6/8/2011 15:22,3.29,,United Kingdom
581481,22059,CERAMIC STRAWBERRY DESIGN MUG,24,12/9/2011 9:07,0.39,17490.0,United Kingdom
570674,22049,WRAP CHRISTMAS SCREEN PRINT,25,10/11/2011 14:59,0.19,14911.0,EIRE
537626,84997B,RED 3 PIECE RETROSPOT CUTLERY SET,6,12/7/2010 14:57,3.75,12347.0,Iceland
546121,22023,EMPIRE BIRTHDAY CARD,12,3/9/2011 14:30,0.42,14085.0,United Kingdom
580610,85099C,JUMBO  BAG BAROQUE BLACK WHITE,3,12/5/2011 11:48,4.13,,United Kingdom
560688,21932,SCANDINAVIAN PAISLEY PICNIC BAG,5,7/20/2011 11:54,1.65,16393.0,United Kingdom
552234,21380,WOODEN HAPPY BIRTHDAY GARLAND,1,5/6/2011 16:01,5.79,,United Kingdom
546896,21121,SET/10 RED POLKADOT PARTY CANDLES,2,3/17/2011 18:24,2.46,,United Kingdom
581167,22386,JUMBO BAG PINK POLKADOT,20,12/7/2011 14:52,2.08,13534.0,United Kingdom
561535,21533,RETROSPOT LARGE MILK JUG,12,7/28/2011 9:48,4.25,15116.0,United Kingdom
545462,22673,FRENCH GARDEN SIGN BLUE METAL,12,3/3/2011 8:24,1.25,17567.0,United Kingdom
551173,35004B,SET OF 3 BLACK FLYING DUCKS,1,4/26/2011 16:54,5.79,,United Kingdom
550317,22919,HERB MARKER MINT,12,4/17/2011 11:56,0.65,15172.0,United Kingdom
580115,22900,SET 2 TEA TOWELS I LOVE LONDON ,1,12/1/2011 16:22,6.63,,United Kingdom
544186,22391,PAPERWEIGHT HOME SWEET HOME,1,2/16/2011 15:56,4.96,,United Kingdom
559337,22717,CARD DOG AND BALL ,1,7/7/2011 16:27,0.83,,United Kingdom
562034,22727,ALARM CLOCK BAKELIKE RED ,8,8/2/2011 9:14,3.75,12449.0,Belgium
543179,22543,MINI JIGSAW BAKE A CAKE ,1,2/4/2011 10:32,0.42,12754.0,Japan
555949,21326,AGED GLASS SILVER T-LIGHT HOLDER,12,6/8/2011 10:50,0.65,16626.0,United Kingdom
541104,20685,DOORMAT RED RETROSPOT,1,1/13/2011 14:29,14.13,,United Kingdom
548327,22385,JUMBO BAG SPACEBOY DESIGN,1,3/30/2011 13:05,2.08,16788.0,United Kingdom
539958,90200A,PURPLE SWEETHEART BRACELET,1,12/23/2010 13:26,4.24,,United Kingdom
575930,22123,PING MICROWAVE APRON,2,11/11/2011 17:58,4.13,,United Kingdom
576463,22328,ROUND SNACK BOXES SET OF 4 FRUITS ,2,11/15/2011 11:37,2.95,17974.0,United Kingdom
551315,21272,SALLE DE BAIN HOOK,12,4/27/2011 15:08,1.25,17725.0,United Kingdom
567290,23295,SET OF 12 MINI LOAF BAKING CASES,128,9/19/2011 11:54,0.72,14646.0,Netherlands
540907,22423,REGENCY CAKESTAND 3 TIER,6,1/12/2011 11:52,12.75,13488.0,United Kingdom
543162,22961,JAM MAKING SET PRINTED,6,2/3/2011 18:08,1.45,17507.0,United Kingdom
546769,22227,HANGING HEART MIRROR DECORATION ,24,3/16/2011 14:57,0.65,17504.0,United Kingdom
538903,84970L,SINGLE HEART ZINC T-LIGHT HOLDER,12,12/15/2010 10:17,0.95,13496.0,United Kingdom
566757,21876,POTTERING MUG,1,9/14/2011 15:54,3.29,,United Kingdom
572086,23489,"GARLAND, VINTAGE BELLS",6,10/20/2011 14:30,2.89,13897.0,United Kingdom
541524,22442,GROW YOUR OWN FLOWERS SET OF 3,2,1/19/2011 10:49,7.95,17091.0,United Kingdom
581404,22695,WICKER WREATH SMALL,3,12/8/2011 13:47,0.59,13680.0,United Kingdom
573381,23076,ICE CREAM SUNDAE LIP GLOSS,24,10/30/2011 14:05,1.25,17590.0,United Kingdom
570192,22940,FELTCRAFT CHRISTMAS FAIRY,4,10/7/2011 15:26,4.25,17509.0,United Kingdom
575728,21224,SET/4 SKULL BADGES,10,11/10/2011 19:40,1.25,14911.0,EIRE
573125,23170,REGENCY TEA PLATE ROSES ,12,10/27/2011 16:31,1.65,16855.0,United Kingdom
570223,22611,VINTAGE UNION JACK SHOPPING BAG,3,10/9/2011 13:11,4.95,15787.0,United Kingdom
536806,82581,TOILET METAL SIGN,12,12/2/2010 16:42,0.55,12971.0,United Kingdom
547800,21790,VINTAGE SNAP CARDS,2,3/25/2011 12:55,0.85,14504.0,United Kingdom
539708,22318,FIVE HEART HANGING DECORATION,1,12/21/2010 12:18,5.91,,United Kingdom
554630,22992,REVOLVER WOODEN RULER ,1,5/25/2011 11:34,1.95,13268.0,United Kingdom
564433,11001,ASSTD DESIGN RACING CAR PEN,16,8/25/2011 11:46,1.69,16503.0,United Kingdom
563366,23069,EDWARDIAN PHOTO FRAME,2,8/16/2011 8:52,6.25,15373.0,United Kingdom
553657,22868,NUMBER TILE COTTAGE GARDEN 0 ,1,5/18/2011 11:28,1.95,14583.0,United Kingdom
541219,90013C,GREEN VINTAGE EARRINGS ,1,1/14/2011 14:06,4.15,,United Kingdom
560997,85136C,RED SHARK HELICOPTER,2,7/22/2011 13:59,7.95,12627.0,Germany
553946,22763,KEY CABINET MA CAMPAGNE,2,5/20/2011 10:48,9.95,15601.0,United Kingdom
547861,22399,MAGNETS PACK OF 4 CHILDHOOD MEMORY,12,3/27/2011 12:36,1.25,16701.0,United Kingdom
559107,85183B,CHARLIE & LOLA WASTEPAPER BIN FLORA,2,7/6/2011 11:22,1.25,15334.0,United Kingdom
564817,22356,CHARLOTTE BAG PINK POLKADOT,1,8/30/2011 12:02,1.63,,United Kingdom
569633,21688,SILVER PLATE CANDLE BOWL SMALL,6,10/5/2011 12:02,2.95,16478.0,United Kingdom
551305,16156S,WRAP PINK FAIRY CAKES ,25,4/27/2011 14:58,0.42,16145.0,United Kingdom
562024,22557,PLASTERS IN TIN VINTAGE PAISLEY ,1,8/1/2011 16:07,3.29,,United Kingdom
576686,20718,RED RETROSPOT SHOPPER BAG,2,11/16/2011 12:08,1.25,16916.0,United Kingdom
565934,22605,WOODEN CROQUET GARDEN SET,4,9/8/2011 10:45,12.75,18222.0,United Kingdom
557955,23061,VINTAGE EMBOSSED HEART,12,6/23/2011 18:59,1.25,16175.0,United Kingdom
580877,21621,VINTAGE UNION JACK BUNTING,4,12/6/2011 12:15,8.5,17250.0,United Kingdom
560979,21980,PACK OF 12 RED RETROSPOT TISSUES ,24,7/22/2011 12:21,0.29,15232.0,United Kingdom
537135,21803,CHRISTMAS TREE STAR DECORATION,1,12/5/2010 12:35,0.42,17059.0,United Kingdom
554859,22419,LIPSTICK PEN RED,100,5/27/2011 10:16,0.36,14828.0,United Kingdom
579162,22371,AIRLINE BAG VINTAGE TOKYO 78,10,11/28/2011 13:58,4.25,16393.0,United Kingdom
575512,21219,SET/4 BADGES BALLOON GIRL,10,11/10/2011 10:36,1.25,14121.0,United Kingdom
552444,23068,ALUMINIUM STAMPED HEART,4,5/9/2011 13:10,2.49,17634.0,United Kingdom
579991,20676,RED RETROSPOT BOWL,8,12/1/2011 11:20,1.25,13159.0,United Kingdom
579456,22098,BOUDOIR SQUARE TISSUE BOX,1,11/29/2011 14:20,0.39,13428.0,United Kingdom
551558,22794,SWEETHEART WIRE MAGAZINE RACK,1,5/3/2011 10:41,7.95,17841.0,United Kingdom
551058,21172,PARTY METAL SIGN ,1,4/26/2011 12:07,1.45,14606.0,United Kingdom
556484,22989,SET 2 PANTRY DESIGN TEA TOWELS,3,6/12/2011 13:17,3.25,16938.0,United Kingdom
575640,82482,WOODEN PICTURE FRAME WHITE FINISH,6,11/10/2011 14:01,2.95,13148.0,United Kingdom
539259,22722,SET OF 6 SPICE TINS PANTRY DESIGN,4,12/16/2010 14:32,3.95,13050.0,United Kingdom
577748,23502,PLAYING CARDS VINTAGE DOILY ,12,11/21/2011 14:24,1.25,15159.0,United Kingdom
538801,84826,ASSTD DESIGN 3D PAPER STICKERS,60,12/14/2010 11:51,0.21,16083.0,United Kingdom
544207,22352,LUNCH BOX WITH CUTLERY RETROSPOT ,2,2/17/2011 10:34,4.96,,United Kingdom
565863,23433,HANGING QUILTED PATCHWORK APPLES,12,9/7/2011 15:00,0.83,17422.0,United Kingdom
555744,85159A,"BLACK TEA,COFFEE,SUGAR JARS",24,6/7/2011 10:44,1.95,18072.0,United Kingdom
562379,84976,RECTANGULAR SHAPED MIRROR,12,8/4/2011 15:17,0.79,15134.0,United Kingdom
569332,23203,JUMBO BAG VINTAGE DOILY ,2,10/3/2011 13:46,2.08,12637.0,France
558888,23207,LUNCH BAG ALPHABET DESIGN,6,7/4/2011 15:29,1.65,14056.0,United Kingdom
573999,22666,RECIPE BOX PANTRY YELLOW DESIGN,12,11/2/2011 11:43,2.95,12779.0,Poland
568901,15056P,EDWARDIAN PARASOL PINK,2,9/29/2011 13:22,5.95,15050.0,United Kingdom
573582,22139,RETROSPOT TEA SET CERAMIC 11 PC ,3,10/31/2011 14:23,4.95,16633.0,United Kingdom
551014,22937,BAKING MOULD CHOCOLATE CUPCAKES,6,4/26/2011 11:04,2.55,13209.0,United Kingdom
543836,84988,SET OF 72 PINK HEART PAPER DOILIES,12,2/14/2011 10:52,1.45,15236.0,United Kingdom
566771,23221,REINDEER HEART DECORATION SILVER,12,9/15/2011 9:34,0.83,15322.0,United Kingdom
537434,22674,FRENCH TOILET SIGN BLUE METAL,1,12/6/2010 16:57,2.51,,United Kingdom
566726,23268,SET OF 2 CERAMIC CHRISTMAS REINDEER,3,9/14/2011 13:12,1.45,15021.0,United Kingdom
572897,22670,FRENCH WC SIGN BLUE METAL,1,10/26/2011 14:42,2.46,,United Kingdom
557892,23053,RECYCLED ACAPULCO MAT PINK,3,6/23/2011 14:11,8.25,14534.0,United Kingdom
564719,22097,SWALLOW SQUARE TISSUE BOX,3,8/28/2011 11:55,0.39,15325.0,United Kingdom
C564748,22978,PANTRY ROLLING PIN,-5,8/30/2011 8:00,3.75,14911.0,EIRE
554644,47580,TEA TIME DES TEA COSY,2,5/25/2011 12:34,2.55,15311.0,United Kingdom
575875,22659,LUNCH BOX I LOVE LONDON,1,11/11/2011 13:06,4.13,,United Kingdom
543179,22532,MAGIC DRAWING SLATE LEAP FROG ,1,2/4/2011 10:32,0.42,12754.0,Japan
579175,23301,GARDENERS KNEELING PAD KEEP CALM ,2,11/28/2011 14:39,1.65,14562.0,United Kingdom
580286,23252,VINTAGE RED ENAMEL TRIM JUG ,4,12/2/2011 13:28,3.75,17611.0,United Kingdom
568158,20749,ASSORTED COLOUR MINI CASES,12,9/25/2011 12:22,6.35,16133.0,United Kingdom
572552,21258,VICTORIAN SEWING BOX LARGE,1,10/24/2011 17:07,24.96,14096.0,United Kingdom
537126,20677,PINK POLKADOT BOWL,1,12/5/2010 12:13,1.25,18118.0,United Kingdom
565930,23264,SET OF 3 WOODEN SLEIGH DECORATIONS,12,9/8/2011 10:32,1.25,12685.0,France
574292,23438, RED SPOT GIFT BAG LARGE,40,11/3/2011 15:27,1.25,16914.0,United Kingdom
581118,21466,RED FLOWER CROCHET FOOD COVER,6,12/7/2011 12:26,3.75,15136.0,United Kingdom
549321,22969,HOMEMADE JAM SCENTED CANDLES,12,4/8/2011 10:19,1.45,14243.0,United Kingdom
572553,22579,WOODEN TREE CHRISTMAS SCANDINAVIAN,1,10/24/2011 17:09,0.83,,United Kingdom
554202,22429,ENAMEL MEASURING JUG CREAM,2,5/23/2011 12:14,4.25,13546.0,United Kingdom
567804,23365,SET 12 COLOUR PENCILS LOVE LONDON,3,9/22/2011 12:13,0.65,17920.0,United Kingdom
575323,20970,PINK FLORAL FELTCRAFT SHOULDER BAG,4,11/9/2011 13:37,3.75,15392.0,United Kingdom
580660,23301,GARDENERS KNEELING PAD KEEP CALM ,12,12/5/2011 13:49,1.65,16592.0,United Kingdom
579434,23497,CLASSIC CHROME BICYCLE BELL ,12,11/29/2011 13:17,1.45,16678.0,United Kingdom
573580,23284,DOORMAT KEEP CALM AND COME IN,2,10/31/2011 14:21,15.79,,United Kingdom
546998,22358,KINGS CHOICE TEA CADDY ,3,3/18/2011 13:32,2.95,16023.0,United Kingdom
547830,21111,"SWISS ROLL TOWEL, CHOCOLATE  SPOTS",1,3/25/2011 15:50,5.79,,United Kingdom
566221,21110,LARGE CAKE TOWEL PINK SPOTS,5,9/9/2011 16:13,1.95,,United Kingdom
542369,22492,MINI PAINT SET VINTAGE ,36,1/27/2011 13:08,0.65,12645.0,Germany
563022,23199,JUMBO BAG APPLES,1,8/11/2011 13:34,2.08,17248.0,United Kingdom
547578,21754,HOME BUILDING BLOCK WORD,4,3/24/2011 10:38,5.95,13089.0,United Kingdom
556813,22366,DOORMAT AIRMAIL ,1,6/14/2011 17:28,15.79,,United Kingdom
581217,72799E,IVORY PILLAR CANDLE SILVER FLOCK,3,12/8/2011 9:20,3.29,,United Kingdom
557886,84992,72 SWEETHEART FAIRY CAKE CASES,4,6/23/2011 13:39,0.55,17799.0,United Kingdom
581217,22110,BIRD HOUSE HOT WATER BOTTLE,4,12/8/2011 9:20,5.79,,United Kingdom
566018,22211,WOOD STAMP SET FLOWERS,1,9/8/2011 12:42,0.83,13137.0,United Kingdom
554310,22969,HOMEMADE JAM SCENTED CANDLES,2,5/23/2011 15:25,3.29,,United Kingdom
576058,22175,PINK OWL SOFT TOY,18,11/13/2011 15:15,2.95,15654.0,United Kingdom
579407,21790,VINTAGE SNAP CARDS,12,11/29/2011 12:32,0.85,13657.0,United Kingdom
577536,21812,GARLAND WITH HEARTS AND BELLS,1,11/20/2011 14:14,4.95,15850.0,United Kingdom
571544,23320,GIANT 50'S CHRISTMAS CRACKER,1,10/17/2011 16:53,2.89,17757.0,United Kingdom
573366,21189,WHITE HONEYCOMB PAPER GARLAND ,6,10/30/2011 13:17,1.65,16361.0,United Kingdom
569137,22074,6 RIBBONS SHIMMERING PINKS ,2,9/30/2011 14:45,2.46,,United Kingdom
577949,21804,check,44,11/22/2011 12:09,0.0,,United Kingdom
547811,22442,GROW YOUR OWN FLOWERS SET OF 3,2,3/25/2011 14:01,7.95,17368.0,United Kingdom
580610,22173,METAL 4 HOOK HANGER FRENCH CHATEAU,2,12/5/2011 11:48,5.79,,United Kingdom
563031,23152,IVORY SWEETHEART WIRE LETTER RACK ,1,8/11/2011 14:38,3.75,13263.0,United Kingdom
543829,21238,RED RETROSPOT CUP,96,2/14/2011 9:47,0.72,12939.0,United Kingdom
571716,21930,JUMBO STORAGE BAG SKULLS,2,10/18/2011 17:05,4.13,,United Kingdom
576329,23480,MINI LIGHTS WOODLAND MUSHROOMS,2,11/14/2011 15:22,7.46,,United Kingdom
572185,23206,LUNCH BAG APPLE DESIGN,9,10/21/2011 10:52,4.96,,United Kingdom
565617,84836,ZINC METAL HEART DECORATION,1,9/5/2011 15:30,2.46,,United Kingdom
553549,21936,RED RETROSPOT PICNIC BAG,1,5/17/2011 16:09,5.79,,United Kingdom
557026,22211,WOOD STAMP SET FLOWERS,12,6/16/2011 13:14,0.83,16571.0,United Kingdom
567288,23339,EGG FRYING PAN BLUE ,1,9/19/2011 11:49,2.08,16906.0,United Kingdom
C543790,21232,STRAWBERRY CERAMIC TRINKET BOX,-5,2/11/2011 17:12,1.25,17071.0,United Kingdom
540372,22896,PEG BAG APPLES DESIGN,6,1/6/2011 16:41,2.55,13081.0,United Kingdom
549958,22211,WOOD STAMP SET FLOWERS,2,4/13/2011 13:47,1.65,17589.0,United Kingdom
539492,84884A,ANT WHITE WIRE HEART SPIRAL,1,12/20/2010 10:14,8.47,,United Kingdom
557525,22954,HEN PARTY CORDON BARRIER TAPE,12,6/21/2011 9:26,1.25,12759.0,Netherlands
555510,22088,PAPER BUNTING COLOURED LACE,3,6/3/2011 17:09,5.79,,United Kingdom
575475,23348,CHILDRENS TOY COOKING UTENSIL SET,6,11/9/2011 16:03,2.08,17702.0,United Kingdom
549278,22766,PHOTO FRAME CORNICE,4,4/7/2011 13:16,2.95,16255.0,United Kingdom
549155,22587,FELTCRAFT HAIRBAND RED AND BLUE,1,4/6/2011 17:08,1.63,,United Kingdom
552659,20675,BLUE POLKADOT BOWL,2,5/10/2011 15:03,2.46,,United Kingdom
572558,10125,MINI FUNKY DESIGN TAPES,20,10/25/2011 8:26,0.85,14286.0,United Kingdom
541489,22195,LARGE HEART MEASURING SPOONS,4,1/18/2011 13:38,1.65,15023.0,United Kingdom
578804,21636,MADRAS NOTEBOOK MEDIUM,12,11/25/2011 12:57,0.75,17557.0,United Kingdom
556032,22669,RED BABY BUNTING ,5,6/8/2011 12:35,2.95,15159.0,United Kingdom
573492,82011C,BATHROOM SCALES FOOTPRINTS IN SAND,1,10/31/2011 11:57,3.75,13544.0,United Kingdom
577078,22616,PACK OF 12 LONDON TISSUES ,3,11/17/2011 15:17,0.83,,United Kingdom
572652,22151,PLACE SETTING WHITE HEART,24,10/25/2011 12:11,0.42,15805.0,United Kingdom
549981,22516,CHILDS GARDEN RAKE BLUE,1,4/13/2011 15:49,2.1,16348.0,United Kingdom
537346,22585,PACK OF 6 BIRDY GIFT TAGS,24,12/6/2010 12:21,1.25,15301.0,United Kingdom
547081,22993,SET OF 4 PANTRY JELLY MOULDS,12,3/20/2011 15:07,1.25,14205.0,United Kingdom
547946,21448,12 DAISY PEGS IN WOOD BOX,12,3/28/2011 14:59,1.65,12971.0,United Kingdom
537434,21367,MIRRORED WALL ART GENTS,1,12/6/2010 16:57,5.06,,United Kingdom
547552,22196,SMALL HEART MEASURING SPOONS,1,3/23/2011 15:55,1.63,,United Kingdom
551009,22386,JUMBO BAG PINK POLKADOT,11,4/26/2011 9:50,4.13,,United Kingdom
552676,20676,RED RETROSPOT BOWL,1,5/10/2011 15:07,2.46,,United Kingdom
572037,22569,FELTCRAFT CUSHION BUTTERFLY,6,10/20/2011 12:07,3.75,17365.0,United Kingdom
553545,20712,JUMBO BAG WOODLAND ANIMALS,8,5/17/2011 15:37,4.13,,United Kingdom
570222,84988,SET OF 72 PINK HEART PAPER DOILIES,10,10/9/2011 12:59,1.45,13113.0,United Kingdom
569520,21155,RED RETROSPOT PEG BAG,6,10/4/2011 14:32,2.55,17667.0,United Kingdom
576329,22375,AIRLINE BAG VINTAGE JET SET BROWN,2,11/14/2011 15:22,8.29,,United Kingdom
577095,85035C,ROSE 3 WICK MORRIS BOX CANDLE,2,11/17/2011 16:39,1.25,15867.0,United Kingdom
558241,23187,FRENCH STYLE STORAGE JAR BONBONS,48,6/27/2011 15:28,0.29,15932.0,United Kingdom
544924,22271,FELTCRAFT DOLL ROSIE,6,2/24/2011 17:18,2.95,13851.0,United Kingdom
567656,22738,RIBBON REEL SNOWY VILLAGE,4,9/21/2011 14:40,3.29,14096.0,United Kingdom
569898,22139,RETROSPOT TEA SET CERAMIC 11 PC ,2,10/6/2011 16:08,10.79,,United Kingdom
578690,22156,HEART DECORATION WITH PEARLS ,1,11/25/2011 9:36,0.85,17302.0,United Kingdom
543989,21191,LARGE WHITE HONEYCOMB PAPER BELL  ,48,2/15/2011 9:52,1.69,12415.0,Australia
574476,22505,MEMO BOARD COTTAGE DESIGN,1,11/4/2011 12:20,4.95,17203.0,United Kingdom
569528,23367,SET 12 COLOUR PENCILS SPACEBOY ,12,10/4/2011 14:53,0.65,16242.0,United Kingdom
549587,22832,BROCANTE SHELF WITH HOOKS,2,4/11/2011 10:01,10.75,15737.0,United Kingdom
559011,22089,PAPER BUNTING VINTAGE PAISLEY,6,7/5/2011 12:50,2.95,17049.0,United Kingdom
570096,84347,ROTATING SILVER ANGELS T-LIGHT HLDR,1,10/7/2011 11:58,2.55,15311.0,United Kingdom
553768,84380,SET OF 3 BUTTERFLY COOKIE CUTTERS,1,5/19/2011 10:47,3.29,,United Kingdom
541990,22259,FELT FARM ANIMAL HEN,12,1/25/2011 9:01,1.25,13901.0,United Kingdom
558235,48187,DOORMAT NEW ENGLAND,2,6/27/2011 14:41,7.95,16242.0,United Kingdom
541133,22156,HEART DECORATION WITH PEARLS ,1,1/14/2011 10:17,1.63,,United Kingdom
551014,22631,CIRCUS PARADE LUNCH BOX ,12,4/26/2011 11:04,1.95,13209.0,United Kingdom
576345,21788,KIDS RAIN MAC BLUE,24,11/14/2011 15:37,0.85,12374.0,Austria
559133,20829,GLITTER HANGING BUTTERFLY STRING,3,7/6/2011 13:13,2.1,17861.0,United Kingdom
555349,22384,LUNCH BAG PINK POLKADOT,5,6/2/2011 12:08,1.65,16729.0,United Kingdom
545998,22962,JAM JAR WITH PINK LID,12,3/8/2011 14:35,0.85,13373.0,United Kingdom
538507,22158,3 HEARTS HANGING DECORATION RUSTIC,16,12/12/2010 13:26,2.95,15547.0,United Kingdom
575491,21866,UNION JACK FLAG LUGGAGE TAG,3,11/9/2011 17:47,1.25,15531.0,United Kingdom
550532,84510A,SET OF 4 ENGLISH ROSE COASTERS,1,4/19/2011 11:02,1.25,14606.0,United Kingdom
561324,22396,MAGNETS PACK OF 4 RETRO PHOTO,12,7/26/2011 13:45,0.39,14414.0,United Kingdom
578041,22766,PHOTO FRAME CORNICE,4,11/22/2011 14:23,2.95,17338.0,United Kingdom
545058,22726,ALARM CLOCK BAKELIKE GREEN,8,2/27/2011 13:03,3.75,13767.0,United Kingdom
554976,84879,ASSORTED COLOUR BIRD ORNAMENT,32,5/29/2011 10:57,1.69,15046.0,United Kingdom
550512,72351B,SET/6 PINK  BUTTERFLY T-LIGHTS,1,4/18/2011 16:31,2.1,18069.0,United Kingdom
541110,90010B,BLACK/WHITE GLASS/SILVER BRACELET,4,1/13/2011 15:11,8.95,15916.0,United Kingdom
543193,85066,CREAM SWEETHEART MINI CHEST,2,2/4/2011 12:18,12.75,13725.0,United Kingdom
549012,23004,TRAVEL CARD WALLET PANTRY,48,4/5/2011 14:51,0.42,16394.0,United Kingdom
569898,21128,GOLD FISHING GNOME,1,10/6/2011 16:08,12.46,,United Kingdom
566952,23350,ROLL WRAP VINTAGE SPOT ,1,9/15/2011 16:37,2.46,,United Kingdom
566018,23281,FOLDING BUTTERFLY MIRROR RED  ,2,9/8/2011 12:42,0.83,13137.0,United Kingdom
562264,22355,CHARLOTTE BAG SUKI DESIGN,1,8/3/2011 16:14,1.63,,United Kingdom
564187,23199,JUMBO BAG APPLES,2,8/23/2011 15:24,2.08,15005.0,United Kingdom
544323,22565,FELTCRAFT HAIRBANDS PINK AND WHITE ,1,2/17/2011 15:51,1.63,,United Kingdom
542360,22189,CREAM HEART CARD HOLDER,1,1/27/2011 12:40,3.95,14701.0,United Kingdom
554814,85123A,WHITE HANGING HEART T-LIGHT HOLDER,12,5/26/2011 13:34,2.95,16609.0,United Kingdom
574074,22155,STAR DECORATION RUSTIC,3,11/2/2011 15:33,0.83,,United Kingdom
576236,20727,LUNCH BAG  BLACK SKULL.,2,11/14/2011 13:31,1.65,13755.0,United Kingdom
540316,21240,BLUE POLKADOT CUP,8,1/6/2011 13:00,0.85,16676.0,United Kingdom
555553,22556,PLASTERS IN TIN CIRCUS PARADE ,12,6/5/2011 13:45,1.65,12662.0,Germany
536544,90120C,GREEN MURANO TWIST BRACELET,1,12/1/2010 14:32,4.24,,United Kingdom
564657,23547,WRAP FLOWER SHOP  ,25,8/26/2011 14:44,0.42,14135.0,United Kingdom
575117,23005,TRAVEL CARD WALLET I LOVE LONDON,1,11/8/2011 14:22,0.42,12748.0,United Kingdom
538968,21495,SKULLS AND CROSSBONES WRAP,25,12/15/2010 11:34,0.42,15384.0,United Kingdom
544811,23231,WRAP DOILEY DESIGN,25,2/23/2011 15:53,0.42,12471.0,Germany
559337,22553,PLASTERS IN TIN SKULLS,1,7/7/2011 16:27,3.29,,United Kingdom
561369,22610,PENS ASSORTED FUNNY FACE,1,7/26/2011 16:22,1.63,,United Kingdom
557055,22631,CIRCUS PARADE LUNCH BOX ,12,6/16/2011 14:45,1.95,12621.0,Germany
566602,21906,PHARMACIE FIRST AID TIN,1,9/13/2011 16:05,13.29,,United Kingdom
543713,22417,PACK OF 60 SPACEBOY CAKE CASES,1,2/11/2011 11:46,2.08,,United Kingdom
568657,23306,SET OF 36 DOILIES PANTRY DESIGN,1,9/28/2011 12:22,1.45,16460.0,United Kingdom
573007,22890,NOVELTY BISCUITS CAKE STAND 3 TIER,2,10/27/2011 12:22,9.95,16009.0,United Kingdom
556184,23298,SPOTTY BUNTING,6,6/9/2011 11:39,4.95,16592.0,United Kingdom
541423,84931A,PINK SCOTTIE DOG W FLOWER PATTERN,2,1/17/2011 17:54,1.63,,United Kingdom
560773,44234,ASSORTED CIRCULAR MOBILE,1,7/20/2011 16:17,0.63,,United Kingdom
578314,22697,GREEN REGENCY TEACUP AND SAUCER,24,11/23/2011 16:33,2.55,13350.0,United Kingdom
567156,21181,PLEASE ONE PERSON METAL SIGN,4,9/16/2011 17:05,2.1,14462.0,United Kingdom
569246,85049A,TRADITIONAL CHRISTMAS RIBBONS,8,10/3/2011 9:57,2.46,14096.0,United Kingdom
565784,22697,GREEN REGENCY TEACUP AND SAUCER,6,9/6/2011 16:02,2.95,15089.0,United Kingdom
551160,22524,CHILDRENS GARDEN GLOVES BLUE,10,4/26/2011 15:04,1.25,15237.0,United Kingdom
578856,22745,POPPY'S PLAYHOUSE BEDROOM ,12,11/27/2011 11:18,2.1,17769.0,United Kingdom
538528,22467,GUMBALL COAT RACK,12,12/13/2010 9:57,2.55,15689.0,United Kingdom
560926,22741,FUNKY DIVA PEN,1,7/22/2011 9:20,1.63,,United Kingdom
538206,90200B,BLACK SWEETHEART BRACELET,2,12/10/2010 11:31,4.25,17827.0,United Kingdom
560244,85071C,"CHARLIE+LOLA""EXTREMELY BUSY"" SIGN",3,7/17/2011 12:14,0.39,16931.0,United Kingdom
562258,21467,CHERRY CROCHET FOOD COVER,1,8/3/2011 15:28,3.75,16348.0,United Kingdom
572933,22024,RAINY LADIES BIRTHDAY CARD,12,10/27/2011 10:15,0.42,13458.0,United Kingdom
544940,22960,JAM MAKING SET WITH JARS,6,2/25/2011 10:19,4.25,16592.0,United Kingdom
573601,85049a,TRADITIONAL CHRISTMAS RIBBONS,1,10/31/2011 15:24,3.29,,United Kingdom
561203,47563A,RETRO LONGBOARD IRONING BOARD COVER,12,7/25/2011 15:17,1.25,14232.0,United Kingdom
552554,22427,ENAMEL FLOWER JUG CREAM,1,5/10/2011 11:04,5.95,12843.0,United Kingdom
570418,23394,POSTE FRANCE CUSHION COVER,4,10/10/2011 13:31,3.75,15211.0,United Kingdom
575930,21808,"CHRISTMAS GARLAND STARS,TREES",5,11/11/2011 17:58,3.29,,United Kingdom
579168,22609,PENS ASSORTED SPACEBALL,72,11/28/2011 14:12,0.19,17806.0,United Kingdom
578783,82616B,FRAPPUCINO SCARF KNITTING KIT,4,11/25/2011 11:58,1.25,12748.0,United Kingdom
543040,22558,CLOTHES PEGS RETROSPOT PACK 24 ,1,2/2/2011 17:06,1.49,17337.0,United Kingdom
580612,84375,SET OF 20 KIDS COOKIE CUTTERS,3,12/5/2011 11:58,4.13,,United Kingdom
572309,85049E,SCANDINAVIAN REDS RIBBONS,1,10/23/2011 15:29,1.25,14432.0,United Kingdom
553893,22854,CREAM SWEETHEART EGG HOLDER,4,5/19/2011 17:13,4.95,17560.0,United Kingdom
553661,22698,PINK REGENCY TEACUP AND SAUCER,24,5/18/2011 11:59,2.55,13572.0,United Kingdom
550149,22090,PAPER BUNTING RETROSPOT,10,4/14/2011 14:37,2.95,13069.0,United Kingdom
566317,22835,HOT WATER BOTTLE I AM SO POORLY,8,9/12/2011 10:19,4.65,13375.0,United Kingdom
581238,23371,SET 36 COLOUR PENCILS SPACEBOY ,3,12/8/2011 10:53,1.25,,United Kingdom
561504,21361,,-7,7/27/2011 14:15,0.0,,United Kingdom
572134,21277,FRENCH STYLE EMBOSSED HEART CABINET,1,10/21/2011 10:13,21.95,12500.0,Germany
561258,22904,CALENDAR PAPER CUT DESIGN,80,7/26/2011 12:03,2.55,15513.0,United Kingdom
566290,21930,JUMBO STORAGE BAG SKULLS,2,9/11/2011 15:24,2.08,14456.0,United Kingdom
577406,22835,HOT WATER BOTTLE I AM SO POORLY,4,11/20/2011 10:36,4.95,12702.0,Germany
538349,22173,METAL 4 HOOK HANGER FRENCH CHATEAU,2,12/10/2010 14:59,5.91,,United Kingdom
573578,21820,GLITTER HEART GARLAND WITH BELLS ,12,10/31/2011 14:13,3.75,16018.0,United Kingdom
544770,22570,FELTCRAFT CUSHION RABBIT,1,2/23/2011 11:11,7.46,,United Kingdom
568657,23371,SET 36 COLOUR PENCILS SPACEBOY ,3,9/28/2011 12:22,1.25,16460.0,United Kingdom
567085,21194,PINK  HONEYCOMB PAPER FAN,12,9/16/2011 12:38,0.65,12434.0,Australia
577358,22810,SET OF 6 T-LIGHTS SNOWMEN,1,11/18/2011 15:59,5.79,,United Kingdom
577078,21125,SET 6 FOOTBALL CELEBRATION CANDLES,1,11/17/2011 15:17,1.25,,United Kingdom
567818,84912A,PINK ROSE WASHBAG,8,9/22/2011 12:41,3.75,14395.0,United Kingdom
548169,20914,SET/5 RED RETROSPOT LID GLASS BOWLS,8,3/29/2011 13:48,2.95,14680.0,United Kingdom
572896,85049E,SCANDINAVIAN REDS RIBBONS,12,10/26/2011 14:41,1.25,12456.0,Switzerland
574258,22086,PAPER CHAIN KIT 50'S CHRISTMAS ,1,11/3/2011 13:50,2.95,16891.0,United Kingdom
565726,23340,VINTAGE CHRISTMAS CAKE FRILL,12,9/6/2011 11:58,1.65,14360.0,United Kingdom
550474,16207A,PINK STRAWBERRY HANDBAG ,1,4/18/2011 13:58,3.29,,United Kingdom
547547,20619,TROPICAL PASSPORT COVER ,3,3/23/2011 15:30,1.63,,United Kingdom
547656,21122,SET/10 PINK POLKADOT PARTY CANDLES,1,3/24/2011 12:53,1.25,13263.0,United Kingdom
579941,21497,FANCY FONTS BIRTHDAY WRAP,25,12/1/2011 10:31,0.42,16496.0,United Kingdom
537144,21900,"KEY FOB , SHED",2,12/5/2010 13:00,0.65,15880.0,United Kingdom
537823,90096,NECKLACE+BRACELET SET BLUE BLOSSOM,2,12/8/2010 14:25,2.51,,United Kingdom
552975,79000,MOROCCAN TEA GLASS,12,5/12/2011 13:58,0.85,17932.0,United Kingdom
568782,22329,ROUND CONTAINER SET OF 5 RETROSPOT,12,9/29/2011 8:53,1.65,13985.0,United Kingdom
564958,23254,CHILDRENS CUTLERY DOLLY GIRL ,8,8/31/2011 13:56,4.15,13089.0,United Kingdom
577768,20979,36 PENCILS TUBE RED RETROSPOT,1,11/21/2011 15:18,2.46,,United Kingdom
550986,20712,JUMBO BAG WOODLAND ANIMALS,2,4/21/2011 18:06,4.13,,United Kingdom
580672,22544,MINI JIGSAW SPACEBOY,3,12/5/2011 14:29,0.19,17920.0,United Kingdom
551566,22131,FOOD CONTAINER SET 3 LOVE HEART ,10,5/3/2011 11:11,1.95,13113.0,United Kingdom
545085,22385,JUMBO BAG SPACEBOY DESIGN,10,2/28/2011 11:19,1.95,15039.0,United Kingdom
562934,22356,CHARLOTTE BAG PINK POLKADOT,1,8/10/2011 16:56,1.63,,United Kingdom
544459,21703,BAG 125g SWIRLY MARBLES,48,2/20/2011 13:52,0.42,17838.0,United Kingdom
543197,22919,HERB MARKER MINT,12,2/4/2011 12:36,0.65,12842.0,United Kingdom
559360,23256,CHILDRENS CUTLERY SPACEBOY ,1,7/7/2011 19:54,4.15,14657.0,United Kingdom
C563948,23029,DRAWER KNOB CRACKLE GLAZE GREEN,-6,8/22/2011 10:30,1.65,13089.0,United Kingdom
580520,22113,GREY HEART HOT WATER BOTTLE,2,12/4/2011 14:55,4.25,13521.0,United Kingdom
571032,22224,WHITE LOVEBIRD LANTERN,2,10/13/2011 12:38,2.95,13827.0,United Kingdom
540247,21415,CLAM SHELL SMALL ,2,1/5/2011 15:56,2.1,15464.0,United Kingdom
544102,22242,5 HOOK HANGER MAGIC TOADSTOOL,1,2/16/2011 10:32,1.65,14665.0,United Kingdom
567482,22382,LUNCH BAG SPACEBOY DESIGN ,1,9/20/2011 13:42,1.65,16464.0,United Kingdom
563288,23007, SPACEBOY BABY GIFT SET,2,8/15/2011 12:53,16.95,12656.0,France
561367,21212,PACK OF 72 RETROSPOT CAKE CASES,11,7/26/2011 15:46,2.08,,United Kingdom
561862,21088,SET/6 FRUIT SALAD PAPER CUPS,3,7/31/2011 10:38,0.19,15569.0,United Kingdom
566634,82583,HOT BATHS METAL SIGN,72,9/14/2011 10:42,1.85,13183.0,United Kingdom
536819,22898,CHILDRENS APRON APPLES DESIGN,8,12/2/2010 17:12,1.95,13402.0,United Kingdom
537225,22965,3 TRADITIONAl BISCUIT CUTTERS  SET,2,12/5/2010 16:41,2.1,12748.0,United Kingdom
573347,21479,WHITE SKULL HOT WATER BOTTLE ,2,10/30/2011 12:26,4.25,13137.0,United Kingdom
548708,84313C,ORANGE TV TRAY TABLE ,2,4/3/2011 12:41,1.95,13269.0,United Kingdom
574741,21773,DECORATIVE ROSE BATHROOM BOTTLE,2,11/6/2011 16:13,1.25,15993.0,United Kingdom
552184,21908,CHOCOLATE THIS WAY METAL SIGN,12,5/6/2011 13:43,2.1,13741.0,United Kingdom
564837,21770,OPEN CLOSED METAL SIGN,1,8/30/2011 12:40,9.96,,United Kingdom
561808,21928,JUMBO BAG SCANDINAVIAN BLUE PAISLEY,10,7/29/2011 15:11,2.08,13534.0,United Kingdom
C560540,22545,MINI JIGSAW BUNNIES,-1,7/19/2011 12:26,0.42,12415.0,Australia
572704,21243,PINK  POLKADOT PLATE ,2,10/25/2011 14:39,3.29,,United Kingdom
567702,20704,MR ROBOT SOFT TOY,4,9/22/2011 9:38,6.95,15810.0,United Kingdom
550297,23000,TRAVEL CARD WALLET TRANSPORT,24,4/15/2011 15:58,0.42,14056.0,United Kingdom
564135,23307,SET OF 60 PANTRY DESIGN CAKE CASES ,12,8/23/2011 11:12,0.55,16550.0,United Kingdom
536754,22633,HAND WARMER UNION JACK,4,12/2/2010 14:09,2.1,14449.0,United Kingdom
581471,22220,CAKE STAND LOVEBIRD 2 TIER WHITE,4,12/8/2011 19:29,2.95,14702.0,United Kingdom
547789,21381,MINI WOODEN HAPPY BIRTHDAY GARLAND,12,3/25/2011 12:04,1.69,14911.0,EIRE
565408,47574A,ENGLISH ROSE SCENTED HANGING FLOWER,2,9/4/2011 11:12,0.75,16813.0,United Kingdom
547029,23051,RECYCLED ACAPULCO MAT BLUE,1,3/20/2011 10:17,8.25,15465.0,United Kingdom
573585,82494L,WOODEN FRAME ANTIQUE WHITE ,1,10/31/2011 14:41,7.46,,United Kingdom
578934,22110,BIRD HOUSE HOT WATER BOTTLE,2,11/27/2011 12:47,2.55,14577.0,United Kingdom
545658,21985,PACK OF 12 HEARTS DESIGN TISSUES ,12,3/4/2011 14:13,0.29,14670.0,United Kingdom
546896,21484,CHICK GREY HOT WATER BOTTLE,1,3/17/2011 18:24,7.46,,United Kingdom
565765,22530,MAGIC DRAWING SLATE DOLLY GIRL ,24,9/6/2011 14:19,0.42,12526.0,Germany
577479,82613C,"METAL SIGN,CUPCAKE SINGLE HOOK",8,11/20/2011 11:34,1.25,14911.0,EIRE
580158,23392,SPACEBOY ROCKET LOLLY MAKERS,24,12/2/2011 10:41,2.08,12558.0,USA
554617,82582,AREA PATROLLED METAL SIGN,1,5/25/2011 11:21,2.1,14593.0,United Kingdom
564838,21992,VINTAGE PAISLEY STATIONERY SET,1,8/30/2011 12:43,2.46,,United Kingdom
559923,22204,MILK PAN BLUE POLKADOT,1,7/13/2011 16:07,3.29,,United Kingdom
581217,23388,WOODLAND MINI BACKPACK,1,12/8/2011 9:20,8.29,,United Kingdom
544676,79321,CHILLI LIGHTS,2,2/22/2011 16:03,5.75,17841.0,United Kingdom
552264,84947,ANTIQUE SILVER TEA GLASS ENGRAVED,6,5/8/2011 11:38,1.25,14959.0,United Kingdom
567474,85152,HAND OVER THE CHOCOLATE   SIGN ,6,9/20/2011 12:53,2.1,13448.0,United Kingdom
567307,23203,JUMBO BAG VINTAGE DOILY ,20,9/19/2011 13:35,2.08,15078.0,United Kingdom
546999,85123A,WHITE HANGING HEART T-LIGHT HOLDER,32,3/18/2011 13:47,2.55,17133.0,United Kingdom
559134,22697,GREEN REGENCY TEACUP AND SAUCER,6,7/6/2011 13:14,2.95,12700.0,France
560915,23203,JUMBO BAG DOILEY PATTERNS,10,7/21/2011 18:19,2.08,13313.0,United Kingdom
536390,22963,JAM JAR WITH GREEN LID,48,12/1/2010 10:19,0.72,17511.0,United Kingdom
575627,35095B,RED VICTORIAN FABRIC OVAL BOX,6,11/10/2011 13:28,0.42,17977.0,United Kingdom
536857,85049B,LUSH GREENS RIBBONS,4,12/3/2010 10:33,1.25,16883.0,United Kingdom
557112,20986,BLUE CALCULATOR RULER,1,6/16/2011 16:31,2.46,,United Kingdom
538371,21479,WHITE SKULL HOT WATER BOTTLE ,3,12/12/2010 11:07,3.75,15570.0,United Kingdom
558455,23321,SMALL WHITE HEART OF WICKER,12,6/29/2011 13:58,1.65,14327.0,United Kingdom
557642,35004B,SET OF 3 BLACK FLYING DUCKS,1,6/21/2011 16:35,12.46,,United Kingdom
541497,20963,APPLE BATH SPONGE,1,1/18/2011 15:19,2.46,,United Kingdom
560209,85152,HAND OVER THE CHOCOLATE   SIGN ,1,7/15/2011 14:05,2.1,15004.0,United Kingdom
580677,22603,CHRISTMAS RETROSPOT TREE WOOD,6,12/5/2011 14:40,0.85,16200.0,United Kingdom
559817,22457,NATURAL SLATE HEART CHALKBOARD ,3,7/12/2011 16:20,5.79,,United Kingdom
573393,23435,3 RAFFIA RIBBONS VINTAGE CHRISTMAS,10,10/30/2011 15:08,0.79,14158.0,United Kingdom
547870,85071A,BLUE CHARLIE+LOLA PERSONAL DOORSIGN,3,3/27/2011 14:18,2.95,13668.0,United Kingdom
548973,22698,PINK REGENCY TEACUP AND SAUCER,6,4/5/2011 11:44,2.95,15674.0,United Kingdom
548893,22428,ENAMEL FIRE BUCKET CREAM,1,4/4/2011 15:54,14.13,,United Kingdom
565233,23201,JUMBO BAG ALPHABET,1,9/2/2011 9:34,4.13,,United Kingdom
580720,23497,CLASSIC CHROME BICYCLE BELL ,1,12/5/2011 16:55,1.45,14629.0,United Kingdom
578292,22867,HAND WARMER BIRD DESIGN,1,11/23/2011 14:35,2.1,13174.0,United Kingdom
542895,22079,RIBBON REEL HEARTS DESIGN ,5,2/1/2011 13:47,1.65,14549.0,United Kingdom
566446,21086,SET/6 RED SPOTTY PAPER CUPS,3,9/12/2011 15:40,1.63,,United Kingdom
556970,23239,SET OF 4 KNICK KNACK TINS POPPIES,6,6/16/2011 10:18,4.15,13082.0,United Kingdom
568200,21524,DOORMAT SPOTTY HOME SWEET HOME,2,9/25/2011 14:58,8.25,16198.0,United Kingdom
579124,79191C,RETRO PLASTIC ELEPHANT TRAY,2,11/28/2011 12:14,0.85,15721.0,United Kingdom
577469,23144,ZINC T-LIGHT HOLDER STARS SMALL,2,11/20/2011 11:25,0.83,15009.0,United Kingdom
559055,21211,SET OF 72 SKULL PAPER  DOILIES,3,7/5/2011 17:09,1.25,,United Kingdom
575631,23530,WALL ART ONLY ONE PERSON ,1,11/10/2011 13:41,4.95,15184.0,United Kingdom
542526,85188B,PINK METAL SWINGING BUNNY,10,1/28/2011 12:43,0.85,14659.0,United Kingdom
565438,21929,JUMBO BAG PINK VINTAGE PAISLEY,10,9/4/2011 13:56,2.08,17229.0,United Kingdom
564722,22804,CANDLEHOLDER PINK HANGING HEART,2,8/28/2011 12:06,2.95,16456.0,United Kingdom
544077,21717,EASTER TIN BUCKET,6,2/15/2011 15:04,2.55,14825.0,United Kingdom
